Name,general_data_name,model_representation_fn_path,model_composition_fn_path,general_train_rule,general_date,train_valid_loss,train_test_accuracy,train_loss,train_test_loss,train_accuracy,train_valid_accuracy
supervised/supervised_logic_complete_204,comp_r10_n100_ov,codes.model.gat.sig_edge_gat.GatedNodeGatEncoder,codes.model.gat.edge_gat.GatedGatEncoder,rule_34,2020-01-29 14:50,0.011927523417398334,0.9083378165960312,0.005940643930807709,0.3646359294652939,0.9988511025905608,0.9970703125
supervised/supervised_logic_complete_205,comp_r10_n100_ov,codes.model.models.Param,codes.model.gat.edge_gat.GatedGatEncoder,rule_34,2020-01-29 14:50,0.0050434034783393145,0.9056101888418198,0.003995038301218301,0.4451190158724785,0.99921875,0.9979458451271056
supervised/supervised_logic_complete_206,comp_r10_n100_ov,codes.model.gcn.gcn.RepresentationGCNEncoder,codes.model.gat.edge_gat.GatedGatEncoder,rule_34,2020-01-29 14:51,0.017714458284899592,0.8876279592514038,0.009558747056871653,0.42682940512895584,0.9978515625,0.99609375
supervised/supervised_logic_complete_121,comp_r10_n100_ov,codes.model.models.Param,codes.model.gat.edge_gat.GatedGatEncoder,rule_20,2020-01-29 13:45,0.15798797830939293,0.8544585108757019,0.05454636607319117,0.5896163582801819,0.9859604775905608,0.9590517282485962
supervised/supervised_logic_complete_276,comp_r10_n100_ov,codes.model.gat.sig_edge_gat.GatedNodeGatEncoder,codes.model.gat.edge_gat.GatedGatEncoder,rule_46,2020-01-29 15:37,0.19350410997867584,0.8502828627824783,0.09313682727515696,0.6903372555971146,0.9729204952716828,0.9369612038135527
supervised/supervised_logic_complete_222,comp_r10_n100_ov,codes.model.gat.sig_edge_gat.GatedNodeGatEncoder,codes.model.gat.edge_gat.GatedGatEncoder,rule_37,2020-01-29 15:04,0.0199560186592862,0.8426387310028076,0.007944151340052486,0.547913059592247,0.9984375,0.9931640625
supervised/supervised_logic_complete_210,comp_r10_n100_ov,codes.model.gat.sig_edge_gat.GatedNodeGatEncoder,codes.model.gat.edge_gat.GatedGatEncoder,rule_35,2020-01-29 14:57,0.08938352204859257,0.8309199810028076,0.03197496784850955,0.8026876002550125,0.9916704952716828,0.973599135875702
supervised/supervised_logic_complete_120,comp_r10_n100_ov,codes.model.gat.sig_edge_gat.GatedNodeGatEncoder,codes.model.gat.edge_gat.GatedGatEncoder,rule_20,2020-01-29 13:45,0.208484698086977,0.8303138464689255,0.103990238904953,0.6673082411289215,0.9697954952716829,0.9371632486581802
supervised/supervised_logic_complete_277,comp_r10_n100_ov,codes.model.models.Param,codes.model.gat.edge_gat.GatedGatEncoder,rule_46,2020-01-29 15:37,0.18712859228253365,0.8277209103107452,0.07358673457056283,0.7052905708551407,0.9810776650905608,0.9359846413135527
supervised/supervised_logic_complete_223,comp_r10_n100_ov,codes.model.models.Param,codes.model.gat.edge_gat.GatedGatEncoder,rule_37,2020-01-29 15:04,0.028992655919864777,0.8260371685028076,0.007882189331576228,0.831646203994751,0.998046875,0.9930630326271056
supervised/supervised_logic_complete_224,comp_r10_n100_ov,codes.model.gcn.gcn.RepresentationGCNEncoder,codes.model.gat.edge_gat.GatedGatEncoder,rule_37,2020-01-29 15:04,0.04671859508380294,0.8256330788135529,0.01926926530431956,0.6089199632406235,0.9958984375,0.9901333451271056
supervised/supervised_logic_complete_278,comp_r10_n100_ov,codes.model.gcn.gcn.RepresentationGCNEncoder,codes.model.gat.edge_gat.GatedGatEncoder,rule_46,2020-01-29 15:37,0.2337094284594059,0.8201777935028076,0.17209259495139123,0.8354996144771576,0.9450827211141586,0.9268925040960312
supervised/supervised_logic_complete_289,comp_r10_n100_ov,codes.model.models.Param,codes.model.gat.edge_gat.GatedGatEncoder,rule_48,2020-01-29 15:42,0.02572046499699354,0.811994880437851,0.01298185419291258,0.987094908952713,0.9961167275905608,0.9949151426553726
supervised/supervised_logic_complete_288,comp_r10_n100_ov,codes.model.gat.sig_edge_gat.GatedNodeGatEncoder,codes.model.gat.edge_gat.GatedGatEncoder,rule_48,2020-01-29 15:41,0.034881358966231346,0.8116918057203293,0.01052573169581592,1.0125166922807691,0.99765625,0.9919854551553726
supervised/supervised_logic_complete_208,comp_r10_n100_ov,codes.model.models.Param,codes.model.rgcn.rgcn.CompositionRGCNEncoder,rule_34,2020-01-29 14:52,0.14758802019059658,0.8105131983757019,0.07682007737457752,0.7875703275203705,0.9799057900905608,0.956021010875702
supervised/supervised_logic_complete_122,comp_r10_n100_ov,codes.model.gcn.gcn.RepresentationGCNEncoder,codes.model.gat.edge_gat.GatedGatEncoder,rule_20,2020-01-29 13:45,0.25922059267759323,0.7986260801553726,0.16471059024333953,0.7803599536418915,0.9459673702716828,0.9110654592514038
supervised/supervised_logic_complete_290,comp_r10_n100_ov,codes.model.gcn.gcn.RepresentationGCNEncoder,codes.model.gat.edge_gat.GatedGatEncoder,rule_48,2020-01-29 15:44,0.03702310379594565,0.7976158410310745,0.015866403980180622,1.1323739886283877,0.995335477590561,0.9919854551553726
supervised/supervised_logic_complete_114,comp_r10_n100_ov,codes.model.gat.sig_edge_gat.GatedNodeGatEncoder,codes.model.gat.edge_gat.GatedGatEncoder,rule_19,2020-01-29 13:45,0.015655145165510476,0.7904431521892548,0.010796806821599603,1.073325276374817,0.9978515625,0.99609375
supervised/supervised_logic_complete_188,comp_r10_n100_ov,codes.model.gcn.gcn.RepresentationGCNEncoder,codes.model.gat.edge_gat.GatedGatEncoder,rule_31,2020-01-29 14:42,0.14603322371840477,0.7887257486581802,0.05270939189940691,1.2137804627418518,0.988499540090561,0.966763198375702
supervised/supervised_logic_complete_186,comp_r10_n100_ov,codes.model.gat.sig_edge_gat.GatedNodeGatEncoder,codes.model.gat.edge_gat.GatedGatEncoder,rule_31,2020-01-29 14:41,0.09460265375673772,0.7882206290960312,0.03831902984529734,1.384612649679184,0.9908892452716828,0.9779094755649568
supervised/supervised_logic_complete_211,comp_r10_n100_ov,codes.model.models.Param,codes.model.gat.edge_gat.GatedGatEncoder,rule_35,2020-01-29 14:57,0.09401528351008892,0.7816540896892548,0.027176208887249233,0.8331727683544159,0.9951171875,0.9730266630649568
supervised/supervised_logic_complete_115,comp_r10_n100_ov,codes.model.models.Param,codes.model.gat.edge_gat.GatedGatEncoder,rule_19,2020-01-29 13:45,0.006825549528002739,0.7766702622175217,0.006854676257353276,1.1504653692245483,0.9984375,0.9979458451271056
supervised/supervised_logic_complete_116,comp_r10_n100_ov,codes.model.gcn.gcn.RepresentationGCNEncoder,codes.model.gat.edge_gat.GatedGatEncoder,rule_19,2020-01-29 13:45,0.011995631735771894,0.7738415896892548,0.0121296081924811,1.239401936531067,0.99765625,0.998046875
supervised/supervised_logic_complete_279,comp_r10_n100_ov,codes.model.gat.sig_edge_gat.GatedNodeGatEncoder,codes.model.rgcn.rgcn.CompositionRGCNEncoder,rule_46,2020-01-29 15:37,0.5109923779964447,0.7731681019067764,0.11870584599673747,0.8898896127939224,0.9727022051811218,0.8436152935028076
supervised/supervised_logic_complete_291,comp_r10_n100_ov,codes.model.gat.sig_edge_gat.GatedNodeGatEncoder,codes.model.rgcn.rgcn.CompositionRGCNEncoder,rule_48,2020-01-29 15:44,0.19695834070444107,0.7721915394067764,0.05266042174771428,1.5229309499263763,0.985546875,0.9519127160310744
supervised/supervised_logic_complete_72,comp_r10_n100_ov,codes.model.gat.sig_edge_gat.GatedNodeGatEncoder,codes.model.gat.edge_gat.GatedGatEncoder,rule_12,2020-01-29 14:14,0.05263539217412472,0.7714170217514038,0.027981121093034744,1.1654677987098694,0.9927734375,0.9808391630649568
supervised/supervised_logic_complete_187,comp_r10_n100_ov,codes.model.models.Param,codes.model.gat.edge_gat.GatedGatEncoder,rule_31,2020-01-29 14:42,0.07605471182614565,0.7704404592514038,0.022380958404392005,1.4916695058345797,0.994358915090561,0.9788860380649568
supervised/supervised_logic_complete_207,comp_r10_n100_ov,codes.model.gat.sig_edge_gat.GatedNodeGatEncoder,codes.model.rgcn.rgcn.CompositionRGCNEncoder,rule_34,2020-01-29 14:51,0.18757339194417,0.7677128165960312,0.03876911327242851,1.326360672712326,0.9892807900905608,0.9399919211864473
supervised/supervised_logic_complete_293,comp_r10_n100_ov,codes.model.gcn.gcn.RepresentationGCNEncoder,codes.model.rgcn.rgcn.CompositionRGCNEncoder,rule_48,2020-01-29 16:15,0.2585080675780773,0.7627289891242981,0.04271139204502106,2.5331664085388184,0.9859375,0.9431236535310744
supervised/supervised_logic_complete_281,comp_r10_n100_ov,codes.model.gcn.gcn.RepresentationGCNEncoder,codes.model.rgcn.rgcn.CompositionRGCNEncoder,rule_46,2020-01-29 15:38,0.6450129896402359,0.7624932676553726,0.12374821305274963,1.1026631295681,0.9603975176811218,0.8447939157485962
supervised/supervised_logic_complete_209,comp_r10_n100_ov,codes.model.gcn.gcn.RepresentationGCNEncoder,codes.model.rgcn.rgcn.CompositionRGCNEncoder,rule_34,2020-01-29 14:53,0.271173819899559,0.7623248845338821,0.028177396394312385,2.217662394046783,0.9912339150905608,0.9399919211864473
supervised/supervised_logic_complete_230,comp_r10_n100_ov,codes.model.gcn.gcn.RepresentationGCNEncoder,codes.model.gat.edge_gat.GatedGatEncoder,rule_38,2020-01-29 15:09,0.030797037295997143,0.76171875,0.028462237678468227,1.6058791875839231,0.9927734375,0.9879781752824784
supervised/supervised_logic_complete_54,comp_r10_n100_ov,codes.model.gat.sig_edge_gat.GatedNodeGatEncoder,codes.model.gat.edge_gat.GatedGatEncoder,rule_9,2020-01-29 15:13,0.1150781325995922,0.7580145448446274,0.06552580390125513,1.4770216047763824,0.9824678301811218,0.957974135875702
supervised/supervised_logic_complete_123,comp_r10_n100_ov,codes.model.gat.sig_edge_gat.GatedNodeGatEncoder,codes.model.rgcn.rgcn.CompositionRGCNEncoder,rule_20,2020-01-29 13:45,0.4821283519268036,0.7561287730932236,0.14291527047753333,1.1260179579257965,0.9596162676811218,0.8557381480932236
supervised/supervised_logic_complete_292,comp_r10_n100_ov,codes.model.models.Param,codes.model.rgcn.rgcn.CompositionRGCNEncoder,rule_48,2020-01-29 16:15,0.18616416677832603,0.753434807062149,0.14620715677738189,1.0095511227846146,0.9495289534330368,0.9429216086864473
supervised/supervised_logic_complete_212,comp_r10_n100_ov,codes.model.gcn.gcn.RepresentationGCNEncoder,codes.model.gat.edge_gat.GatedGatEncoder,rule_35,2020-01-29 14:57,0.2086370438337326,0.7503704130649567,0.09640257097780704,1.0711823403835297,0.9731158077716828,0.9487809836864473
supervised/supervised_logic_complete_124,comp_r10_n100_ov,codes.model.models.Param,codes.model.rgcn.rgcn.CompositionRGCNEncoder,rule_20,2020-01-29 13:45,0.414825826883316,0.7498653084039688,0.2824068792164326,0.8741927891969681,0.9067555159330368,0.8688375502824783
supervised/supervised_logic_complete_280,comp_r10_n100_ov,codes.model.models.Param,codes.model.rgcn.rgcn.CompositionRGCNEncoder,rule_46,2020-01-29 15:38,0.5767050832509995,0.7490234375,0.39198838025331495,0.8829085528850555,0.8742647051811219,0.8138133138418198
supervised/supervised_logic_complete_228,comp_r10_n100_ov,codes.model.gat.sig_edge_gat.GatedNodeGatEncoder,codes.model.gat.edge_gat.GatedGatEncoder,rule_38,2020-01-29 15:07,0.014309915248304604,0.7481479048728943,0.01906613647006452,1.707111030817032,0.994140625,0.9968682676553726
supervised/supervised_logic_complete_56,comp_r10_n100_ov,codes.model.gcn.gcn.RepresentationGCNEncoder,codes.model.gat.edge_gat.GatedGatEncoder,rule_9,2020-01-29 14:14,0.15221296809613705,0.7438375502824783,0.07735887728631496,1.6733455657958984,0.9791704952716828,0.9577720910310744
supervised/supervised_logic_complete_145,comp_r10_n100_ov,codes.model.models.Param,codes.model.gat.edge_gat.GatedGatEncoder,rule_24,2020-01-29 14:19,0.07103393785655499,0.7431303858757019,0.018485720036551356,1.2508639991283417,0.9951401650905608,0.9759563505649568
supervised/supervised_logic_complete_216,comp_r10_n100_ov,codes.model.gat.sig_edge_gat.GatedNodeGatEncoder,codes.model.gat.edge_gat.GatedGatEncoder,rule_36,2020-01-29 15:00,0.04852323327213526,0.741682380437851,0.01916233142837882,1.4015240967273712,0.9949678301811218,0.9830953627824784
supervised/supervised_logic_complete_125,comp_r10_n100_ov,codes.model.gcn.gcn.RepresentationGCNEncoder,codes.model.rgcn.rgcn.CompositionRGCNEncoder,rule_20,2020-01-29 13:45,0.5615224093198776,0.7409078627824783,0.1053890461102128,1.7649760842323303,0.9626953125,0.8620016127824783
supervised/supervised_logic_complete_55,comp_r10_n100_ov,codes.model.models.Param,codes.model.gat.edge_gat.GatedGatEncoder,rule_9,2020-01-29 15:13,0.0993376187980175,0.7390557676553726,0.0425011420622468,1.5948956608772278,0.9892578125,0.969692885875702
supervised/supervised_logic_complete_234,comp_r10_n100_ov,codes.model.gat.sig_edge_gat.GatedNodeGatEncoder,codes.model.gat.edge_gat.GatedGatEncoder,rule_39,2020-01-29 15:10,0.04163914266973734,0.7370016127824783,0.006843696441501379,1.4568709135055542,0.9990234375,0.9919854551553726
supervised/supervised_logic_complete_296,comp_r10_n100_ov,codes.model.gcn.gcn.RepresentationGCNEncoder,codes.model.gat.edge_gat.GatedGatEncoder,rule_49,2020-01-29 16:15,0.017698779236525297,0.7336004823446274,0.01150412722490728,0.9494517147541046,0.9968979775905608,0.994140625
supervised/supervised_logic_complete_229,comp_r10_n100_ov,codes.model.models.Param,codes.model.gat.edge_gat.GatedGatEncoder,rule_38,2020-01-29 15:07,0.014560854528099298,0.7329943478107452,0.009798045444767922,1.834467262029648,0.998046875,0.9958917051553726
supervised/supervised_logic_complete_117,comp_r10_n100_ov,codes.model.gat.sig_edge_gat.GatedNodeGatEncoder,codes.model.rgcn.rgcn.CompositionRGCNEncoder,rule_19,2020-01-29 13:45,0.2926550768315792,0.7308391630649567,0.028259704075753688,2.0271000266075134,0.9951401650905608,0.9295191317796708
supervised/supervised_logic_complete_119,comp_r10_n100_ov,codes.model.gcn.gcn.RepresentationGCNEncoder,codes.model.rgcn.rgcn.CompositionRGCNEncoder,rule_19,2020-01-29 13:45,0.3897987678647042,0.7285829782485962,0.03732482325285673,2.8858903646469116,0.991015625,0.9066540896892548
supervised/supervised_logic_complete_74,comp_r10_n100_ov,codes.model.gcn.gcn.RepresentationGCNEncoder,codes.model.gat.edge_gat.GatedGatEncoder,rule_12,2020-01-29 14:14,0.045837100595235825,0.7264614701271057,0.02479121768847108,1.439355880022049,0.992405790090561,0.9787850230932236
supervised/supervised_logic_complete_282,comp_r10_n100_ov,codes.model.gat.sig_edge_gat.GatedNodeGatEncoder,codes.model.gat.edge_gat.GatedGatEncoder,rule_47,2020-01-29 15:39,0.09788014832884072,0.7229256480932236,0.0220384961925447,1.3794512450695038,0.9951401650905608,0.9732287228107452
supervised/supervised_logic_complete_163,comp_r10_n100_ov,codes.model.models.Param,codes.model.gat.edge_gat.GatedGatEncoder,rule_27,2020-01-29 14:27,0.05977731570601463,0.7224205285310745,0.011456141155213118,1.6354978680610657,0.9978515625,0.9909078627824784
supervised/supervised_logic_complete_232,comp_r10_n100_ov,codes.model.models.Param,codes.model.rgcn.rgcn.CompositionRGCNEncoder,rule_38,2020-01-29 15:10,0.13087309524416924,0.719221442937851,0.07563128769397735,1.7929079234600067,0.98125,0.9495555013418198
supervised/supervised_logic_complete_226,comp_r10_n100_ov,codes.model.models.Param,codes.model.rgcn.rgcn.CompositionRGCNEncoder,rule_37,2020-01-29 15:05,0.24985572323203087,0.7163591086864471,0.09941569939255716,1.2048903107643127,0.974827665090561,0.918978989124298
supervised/supervised_logic_complete_294,comp_r10_n100_ov,codes.model.gat.sig_edge_gat.GatedNodeGatEncoder,codes.model.gat.edge_gat.GatedGatEncoder,rule_49,2020-01-29 16:15,0.025368567439727485,0.7144396603107452,0.009446144476532936,1.0205429643392565,0.9978745400905608,0.9930630326271056
supervised/supervised_logic_complete_164,comp_r10_n100_ov,codes.model.gcn.gcn.RepresentationGCNEncoder,codes.model.gat.edge_gat.GatedGatEncoder,rule_27,2020-01-29 14:32,0.05046754237264395,0.7139008641242981,0.016981377359479667,1.7190660238265991,0.994921875,0.9900323301553726
supervised/supervised_logic_complete_109,comp_r10_n100_ov,codes.model.models.Param,codes.model.gat.edge_gat.GatedGatEncoder,rule_18,2020-01-29 13:45,0.051426112186163664,0.7132947146892548,0.04244311591610313,1.67347851395607,0.987545955181122,0.9783135801553726
supervised/supervised_logic_complete_162,comp_r10_n100_ov,codes.model.gat.sig_edge_gat.GatedNodeGatEncoder,codes.model.gat.edge_gat.GatedGatEncoder,rule_27,2020-01-29 14:26,0.061587581876665354,0.7131263464689255,0.011548097035847605,1.8409726321697235,0.9978515625,0.9898302853107452
supervised/supervised_logic_complete_201,comp_r10_n100_ov,codes.model.gat.sig_edge_gat.GatedNodeGatEncoder,codes.model.rgcn.rgcn.CompositionRGCNEncoder,rule_33,2020-01-29 14:47,0.3051373288035393,0.7095568478107452,0.04706862773746252,1.4994613826274872,0.9890854775905608,0.9212351888418198
supervised/supervised_logic_complete_199,comp_r10_n100_ov,codes.model.models.Param,codes.model.gat.edge_gat.GatedGatEncoder,rule_33,2020-01-29 14:46,0.034118521492928267,0.7089170217514038,0.009342214395292104,1.841651737689972,0.9990234375,0.9919854551553726
supervised/supervised_logic_complete_283,comp_r10_n100_ov,codes.model.models.Param,codes.model.gat.edge_gat.GatedGatEncoder,rule_47,2020-01-29 15:39,0.07887427136301994,0.7078731209039688,0.02247177236713469,1.780889928340912,0.9943359375,0.9840719252824784
supervised/supervised_logic_complete_144,comp_r10_n100_ov,codes.model.gat.sig_edge_gat.GatedNodeGatEncoder,codes.model.gat.edge_gat.GatedGatEncoder,rule_24,2020-01-29 14:08,0.07616194803267717,0.7060883641242981,0.021200275560840965,1.5405519008636477,0.9951171875,0.970198005437851
supervised/supervised_logic_complete_146,comp_r10_n100_ov,codes.model.gcn.gcn.RepresentationGCNEncoder,codes.model.gat.edge_gat.GatedGatEncoder,rule_24,2020-01-29 14:19,0.09999852813780308,0.7041352391242981,0.033627694845199584,1.3583731651306152,0.9931870400905608,0.9679418057203292
supervised/supervised_logic_complete_118,comp_r10_n100_ov,codes.model.models.Param,codes.model.rgcn.rgcn.CompositionRGCNEncoder,rule_19,2020-01-29 13:45,0.2423710823059082,0.7021147608757019,0.0997968390583992,1.2527838945388794,0.9754595577716828,0.922885239124298
supervised/supervised_logic_complete_215,comp_r10_n100_ov,codes.model.gcn.gcn.RepresentationGCNEncoder,codes.model.rgcn.rgcn.CompositionRGCNEncoder,rule_35,2020-01-29 14:59,0.6939579918980598,0.7004310339689255,0.06505575804039836,2.643630027770996,0.9810546875,0.8496767282485962
supervised/supervised_logic_complete_295,comp_r10_n100_ov,codes.model.models.Param,codes.model.gat.edge_gat.GatedGatEncoder,rule_49,2020-01-29 16:15,0.015904868952929974,0.7003636807203293,0.009572920762002468,1.2085647284984589,0.9978515625,0.9950161576271056
supervised/supervised_logic_complete_108,comp_r10_n100_ov,codes.model.gat.sig_edge_gat.GatedNodeGatEncoder,codes.model.gat.edge_gat.GatedGatEncoder,rule_18,2020-01-29 13:45,0.06926527246832848,0.7000942826271057,0.06243983823806047,1.4750010073184967,0.9801470577716828,0.975080817937851
supervised/supervised_logic_complete_193,comp_r10_n100_ov,codes.model.models.Param,codes.model.gat.edge_gat.GatedGatEncoder,rule_32,2020-01-29 14:45,0.011584172258153558,0.6999595910310745,0.006466507632285357,2.164072036743164,0.9982421875,0.9969692826271056
supervised/supervised_logic_complete_218,comp_r10_n100_ov,codes.model.gcn.gcn.RepresentationGCNEncoder,codes.model.gat.edge_gat.GatedGatEncoder,rule_36,2020-01-29 15:03,0.04629278648644686,0.6982085108757019,0.01767014041543007,1.898407161235809,0.9974609375,0.9878771603107452
supervised/supervised_logic_complete_217,comp_r10_n100_ov,codes.model.models.Param,codes.model.gat.edge_gat.GatedGatEncoder,rule_36,2020-01-29 15:00,0.045548999682068825,0.6982085108757019,0.010098802600987255,1.8334566950798037,0.998046875,0.9878771603107452
supervised/supervised_logic_complete_227,comp_r10_n100_ov,codes.model.gcn.gcn.RepresentationGCNEncoder,codes.model.rgcn.rgcn.CompositionRGCNEncoder,rule_37,2020-01-29 15:07,0.2679881136864424,0.6979054361581802,0.03749047871679067,2.5531705617904663,0.9869370400905608,0.9369612038135527
supervised/supervised_logic_complete_198,comp_r10_n100_ov,codes.model.gat.sig_edge_gat.GatedNodeGatEncoder,codes.model.gat.edge_gat.GatedGatEncoder,rule_33,2020-01-29 14:45,0.07746107131242752,0.6946726888418198,0.023643884481862183,1.518502950668335,0.99453125,0.9829943478107452
supervised/supervised_logic_complete_57,comp_r10_n100_ov,codes.model.gat.sig_edge_gat.GatedNodeGatEncoder,codes.model.rgcn.rgcn.CompositionRGCNEncoder,rule_9,2020-01-29 15:32,0.35918128490448,0.6831559836864471,0.0733220934867859,1.867613136768341,0.983984375,0.8961139470338821
supervised/supervised_logic_complete_213,comp_r10_n100_ov,codes.model.gat.sig_edge_gat.GatedNodeGatEncoder,codes.model.rgcn.rgcn.CompositionRGCNEncoder,rule_35,2020-01-29 14:57,0.4364272505044937,0.6803946644067764,0.06440376387909055,1.732889145612717,0.98671875,0.8680630326271057
supervised/supervised_logic_complete_110,comp_r10_n100_ov,codes.model.gcn.gcn.RepresentationGCNEncoder,codes.model.gat.edge_gat.GatedGatEncoder,rule_18,2020-01-29 13:45,0.10715841688215733,0.6798558682203293,0.07520854566246271,1.5944578349590302,0.9744600176811218,0.9680428355932236
supervised/supervised_logic_complete_203,comp_r10_n100_ov,codes.model.gcn.gcn.RepresentationGCNEncoder,codes.model.rgcn.rgcn.CompositionRGCNEncoder,rule_33,2020-01-29 14:47,0.3635367229580879,0.6794517785310745,0.03894142545759678,2.9260829091072083,0.9888671875,0.9249393790960312
supervised/supervised_logic_complete_191,comp_r10_n100_ov,codes.model.gcn.gcn.RepresentationGCNEncoder,codes.model.rgcn.rgcn.CompositionRGCNEncoder,rule_31,2020-01-29 14:44,0.5925847738981247,0.6741648763418198,0.05447428394109011,4.199585437774658,0.9795381426811218,0.8671875
supervised/supervised_logic_complete_192,comp_r10_n100_ov,codes.model.gat.sig_edge_gat.GatedNodeGatEncoder,codes.model.gat.edge_gat.GatedGatEncoder,rule_32,2020-01-29 14:44,0.010546038392931225,0.6736597567796707,0.012021938851103187,2.1599825620651245,0.99765625,0.9959927201271056
supervised/supervised_logic_complete_225,comp_r10_n100_ov,codes.model.gat.sig_edge_gat.GatedNodeGatEncoder,codes.model.rgcn.rgcn.CompositionRGCNEncoder,rule_37,2020-01-29 15:04,0.2072145044803619,0.6732893288135529,0.03738499265164137,1.7772613167762756,0.993382352590561,0.9372642785310744
supervised/supervised_logic_complete_194,comp_r10_n100_ov,codes.model.gcn.gcn.RepresentationGCNEncoder,codes.model.gat.edge_gat.GatedGatEncoder,rule_32,2020-01-29 14:45,0.02698703669011593,0.6707300692796707,0.01812160015106201,2.212274134159088,0.9947265625,0.9899313002824784
supervised/supervised_logic_complete_189,comp_r10_n100_ov,codes.model.gat.sig_edge_gat.GatedNodeGatEncoder,codes.model.rgcn.rgcn.CompositionRGCNEncoder,rule_31,2020-01-29 14:43,0.3323959708213806,0.6691810339689255,0.05094049945473671,2.471731662750244,0.9877412676811218,0.904903009533882
supervised/supervised_logic_complete_202,comp_r10_n100_ov,codes.model.models.Param,codes.model.rgcn.rgcn.CompositionRGCNEncoder,rule_33,2020-01-29 14:47,0.3707701712846756,0.6682044714689255,0.14908132515847683,1.3733903765678406,0.9576631426811218,0.8765826970338821
supervised/supervised_logic_complete_284,comp_r10_n100_ov,codes.model.gcn.gcn.RepresentationGCNEncoder,codes.model.gat.edge_gat.GatedGatEncoder,rule_47,2020-01-29 15:39,0.0929743405431509,0.6667227894067764,0.05104105100035668,1.702379286289215,0.9857651650905608,0.9801656752824784
supervised/supervised_logic_complete_61,comp_r10_n100_ov,codes.model.models.Param,codes.model.gat.edge_gat.GatedGatEncoder,rule_10,2020-01-29 16:11,0.09775705821812151,0.6634900271892548,0.04554065857082605,2.03885754942894,0.9853745400905608,0.9699959605932236
supervised/supervised_logic_complete_214,comp_r10_n100_ov,codes.model.models.Param,codes.model.rgcn.rgcn.CompositionRGCNEncoder,rule_35,2020-01-29 14:59,0.47860898822546005,0.6620420217514038,0.2211336687207222,1.4642637073993685,0.9280905336141586,0.8325700461864471
supervised/supervised_logic_complete_200,comp_r10_n100_ov,codes.model.gcn.gcn.RepresentationGCNEncoder,codes.model.gat.edge_gat.GatedGatEncoder,rule_33,2020-01-29 14:47,0.11767773702740668,0.6597858220338821,0.06304594613611698,1.6836343109607697,0.9828584551811218,0.9679418057203292
supervised/supervised_logic_complete_219,comp_r10_n100_ov,codes.model.gat.sig_edge_gat.GatedNodeGatEncoder,codes.model.rgcn.rgcn.CompositionRGCNEncoder,rule_36,2020-01-29 15:03,0.3007231578230858,0.6590786576271057,0.08103155884891748,2.5239664912223816,0.9774126827716828,0.8977640122175217
supervised/supervised_logic_complete_147,comp_r10_n100_ov,codes.model.gat.sig_edge_gat.GatedNodeGatEncoder,codes.model.rgcn.rgcn.CompositionRGCNEncoder,rule_24,2020-01-29 14:19,0.3968582898378372,0.6564520448446274,0.047261163126677275,2.523023545742035,0.9908203125,0.8879983872175217
supervised/supervised_logic_complete_60,comp_r10_n100_ov,codes.model.gat.sig_edge_gat.GatedNodeGatEncoder,codes.model.gat.edge_gat.GatedGatEncoder,rule_10,2020-01-29 16:11,0.08601776883006096,0.65625,0.05507073709741235,2.055174618959427,0.9851792275905608,0.9698949307203292
supervised/supervised_logic_complete_301,comp_r10_n100_ov,codes.model.models.Param,codes.model.gat.edge_gat.GatedGatEncoder,rule_50,2020-01-29 16:17,0.029966282192617655,0.6557112038135529,0.020984101854264737,1.6623488366603851,0.9959214150905608,0.9870016127824784
supervised/supervised_logic_complete_62,comp_r10_n100_ov,codes.model.gcn.gcn.RepresentationGCNEncoder,codes.model.gat.edge_gat.GatedGatEncoder,rule_10,2020-01-29 16:31,0.11592447757720949,0.653825432062149,0.07659548753872514,2.0398781299591064,0.9765625,0.9598262310028076
supervised/supervised_logic_complete_302,comp_r10_n100_ov,codes.model.gcn.gcn.RepresentationGCNEncoder,codes.model.gat.edge_gat.GatedGatEncoder,rule_50,2020-01-29 16:21,0.05205099657177925,0.6534550040960312,0.05895049385726451,1.6340162456035614,0.9830767452716828,0.9820177853107452
supervised/supervised_logic_complete_59,comp_r10_n100_ov,codes.model.gcn.gcn.RepresentationGCNEncoder,codes.model.rgcn.rgcn.CompositionRGCNEncoder,rule_9,2020-01-29 16:11,0.4916160851716995,0.6511988192796707,0.06925959046930075,2.784267485141754,0.9810546875,0.8731479048728943
supervised/supervised_logic_complete_220,comp_r10_n100_ov,codes.model.models.Param,codes.model.rgcn.rgcn.CompositionRGCNEncoder,rule_36,2020-01-29 15:03,0.3683115243911743,0.6505926698446274,0.18500580973923209,1.7263608276844025,0.9418658077716828,0.863752692937851
supervised/supervised_logic_complete_300,comp_r10_n100_ov,codes.model.gat.sig_edge_gat.GatedNodeGatEncoder,codes.model.gat.edge_gat.GatedGatEncoder,rule_50,2020-01-29 16:16,0.034046818036586046,0.6505253165960312,0.0340068961493671,1.62943434715271,0.989476102590561,0.9869005978107452
supervised/supervised_logic_complete_111,comp_r10_n100_ov,codes.model.gat.sig_edge_gat.GatedNodeGatEncoder,codes.model.rgcn.rgcn.CompositionRGCNEncoder,rule_18,2020-01-29 13:45,0.2744262255728245,0.6502222567796707,0.09192631654441356,2.045973092317581,0.9742647051811218,0.9032529592514038
supervised/supervised_logic_complete_287,comp_r10_n100_ov,codes.model.gcn.gcn.RepresentationGCNEncoder,codes.model.rgcn.rgcn.CompositionRGCNEncoder,rule_47,2020-01-29 15:40,0.45985469222068787,0.6493130326271057,0.05288325427100062,3.6959739923477177,0.9845703125,0.893083244562149
supervised/supervised_logic_complete_166,comp_r10_n100_ov,codes.model.models.Param,codes.model.rgcn.rgcn.CompositionRGCNEncoder,rule_27,2020-01-29 14:32,0.341692715883255,0.6465854048728943,0.13663471601903435,2.2527592182159424,0.9598805159330368,0.888200432062149
supervised/supervised_logic_complete_231,comp_r10_n100_ov,codes.model.gat.sig_edge_gat.GatedNodeGatEncoder,codes.model.rgcn.rgcn.CompositionRGCNEncoder,rule_38,2020-01-29 15:10,0.101325249299407,0.6439587771892548,0.024531390611082317,2.7288039326667786,0.994921875,0.9684132486581802
supervised/supervised_logic_complete_50,comp_r10_n100_ov,codes.model.gcn.gcn.RepresentationGCNEncoder,codes.model.gat.edge_gat.GatedGatEncoder,rule_8,2020-01-29 14:14,0.04984105518087745,0.643083244562149,0.040996693260967734,2.0768381357192993,0.9843979775905608,0.9839709103107452
supervised/supervised_logic_complete_236,comp_r10_n100_ov,codes.model.gcn.gcn.RepresentationGCNEncoder,codes.model.gat.edge_gat.GatedGatEncoder,rule_39,2020-01-29 15:11,0.04045256366953254,0.642106682062149,0.012660808500368149,2.4447163343429565,0.9966796875,0.9940395951271056
supervised/supervised_logic_complete_190,comp_r10_n100_ov,codes.model.models.Param,codes.model.rgcn.rgcn.CompositionRGCNEncoder,rule_31,2020-01-29 14:43,0.4363415911793709,0.6410290896892548,0.2119460001587868,1.471678465604782,0.9337545961141588,0.8415948301553726
supervised/supervised_logic_complete_113,comp_r10_n100_ov,codes.model.gcn.gcn.RepresentationGCNEncoder,codes.model.rgcn.rgcn.CompositionRGCNEncoder,rule_18,2020-01-29 13:45,0.33842185884714127,0.6408270448446274,0.07796527668833733,3.1463780999183655,0.9740464150905608,0.8880994021892548
supervised/supervised_logic_complete_149,comp_r10_n100_ov,codes.model.gcn.gcn.RepresentationGCNEncoder,codes.model.rgcn.rgcn.CompositionRGCNEncoder,rule_24,2020-01-29 14:19,0.6397324129939079,0.6407260298728943,0.04111604876816273,3.910240173339844,0.9879136025905608,0.8809604048728943
supervised/supervised_logic_complete_148,comp_r10_n100_ov,codes.model.models.Param,codes.model.rgcn.rgcn.CompositionRGCNEncoder,rule_24,2020-01-29 14:19,0.3727400153875351,0.6379647105932236,0.18003818951547146,1.609906643629074,0.9470932900905608,0.8770541548728943
supervised/supervised_logic_complete_235,comp_r10_n100_ov,codes.model.models.Param,codes.model.gat.edge_gat.GatedGatEncoder,rule_39,2020-01-29 15:10,0.03132329601794481,0.635270744562149,0.008621941134333611,1.825792819261551,0.998265165090561,0.9930630326271056
supervised/supervised_logic_complete_127,comp_r10_n100_ov,codes.model.models.Param,codes.model.gat.edge_gat.GatedGatEncoder,rule_21,2020-01-29 13:45,0.013642405858263372,0.6318359375,0.007498298445716501,2.28124076128006,0.998046875,0.9939385801553726
supervised/supervised_logic_complete_165,comp_r10_n100_ov,codes.model.gat.sig_edge_gat.GatedNodeGatEncoder,codes.model.rgcn.rgcn.CompositionRGCNEncoder,rule_27,2020-01-29 14:32,0.2482568770647049,0.6316338926553726,0.029356218222528697,3.020426034927368,0.994921875,0.9393184185028076
supervised/supervised_logic_complete_233,comp_r10_n100_ov,codes.model.gcn.gcn.RepresentationGCNEncoder,codes.model.rgcn.rgcn.CompositionRGCNEncoder,rule_38,2020-01-29 15:10,0.11316941678524016,0.6299164891242981,0.019889750331640244,5.516183614730835,0.9947265625,0.9686152935028076
supervised/supervised_logic_complete_49,comp_r10_n100_ov,codes.model.models.Param,codes.model.gat.edge_gat.GatedGatEncoder,rule_8,2020-01-29 14:14,0.04333771299570799,0.6294787228107452,0.03367749936878681,1.9565192461013792,0.9871323525905608,0.9879781752824784
supervised/supervised_logic_complete_133,comp_r10_n100_ov,codes.model.models.Param,codes.model.gat.edge_gat.GatedGatEncoder,rule_22,2020-01-29 14:05,0.03868166683241725,0.6277276426553726,0.011660637194290757,2.2839311957359314,0.9958984375,0.9826912730932236
supervised/supervised_logic_complete_221,comp_r10_n100_ov,codes.model.gcn.gcn.RepresentationGCNEncoder,codes.model.rgcn.rgcn.CompositionRGCNEncoder,rule_36,2020-01-29 15:04,0.4125333502888679,0.6273235380649567,0.08042779564857483,3.634362578392029,0.9715533077716828,0.883317619562149
supervised/supervised_logic_complete_48,comp_r10_n100_ov,codes.model.gat.sig_edge_gat.GatedNodeGatEncoder,codes.model.gat.edge_gat.GatedGatEncoder,rule_8,2020-01-29 14:14,0.04589869547635317,0.6271214932203293,0.03418218363076449,1.9729552268981936,0.986569392681122,0.9861260801553726
supervised/supervised_logic_complete_247,comp_r10_n100_ov,codes.model.models.Param,codes.model.gat.edge_gat.GatedGatEncoder,rule_41,2020-01-29 15:16,0.02660149848088622,0.6258755326271057,0.007500034291297197,2.3527743220329285,0.9984604775905608,0.9949151426553726
supervised/supervised_logic_complete_24,comp_r10_n100_ov,codes.model.gat.sig_edge_gat.GatedNodeGatEncoder,codes.model.gat.edge_gat.GatedGatEncoder,rule_4,2020-01-29 16:31,0.048696164041757584,0.6238213926553726,0.025892997905611993,1.9650433957576752,0.9912339150905608,0.9818157255649568
supervised/supervised_logic_complete_58,comp_r10_n100_ov,codes.model.models.Param,codes.model.rgcn.rgcn.CompositionRGCNEncoder,rule_9,2020-01-29 16:11,0.46630436927080154,0.622575432062149,0.27679635137319564,1.9308345019817352,0.9092830896377564,0.8419652432203293
supervised/supervised_logic_complete_258,comp_r10_n100_ov,codes.model.gat.sig_edge_gat.GatedNodeGatEncoder,codes.model.gat.edge_gat.GatedGatEncoder,rule_43,2020-01-29 15:26,0.06689345184713602,0.6219692826271057,0.012557405699044464,1.772943079471588,0.99765625,0.9840719252824784
supervised/supervised_logic_complete_126,comp_r10_n100_ov,codes.model.gat.sig_edge_gat.GatedNodeGatEncoder,codes.model.gat.edge_gat.GatedGatEncoder,rule_21,2020-01-29 13:45,0.03039192222058773,0.6209927201271057,0.013649416621774437,2.388246953487396,0.9965073525905608,0.9940395951271056
supervised/supervised_logic_complete_195,comp_r10_n100_ov,codes.model.gat.sig_edge_gat.GatedNodeGatEncoder,codes.model.rgcn.rgcn.CompositionRGCNEncoder,rule_32,2020-01-29 14:45,0.3428582400083542,0.6208917051553726,0.03549973396584392,3.7415851354599,0.991796875,0.8984711766242981
supervised/supervised_logic_complete_285,comp_r10_n100_ov,codes.model.gat.sig_edge_gat.GatedNodeGatEncoder,codes.model.rgcn.rgcn.CompositionRGCNEncoder,rule_47,2020-01-29 15:39,0.3558582365512848,0.6202855557203293,0.062185401748865846,2.369187295436859,0.9875,0.910189926624298
supervised/supervised_logic_complete_246,comp_r10_n100_ov,codes.model.gat.sig_edge_gat.GatedNodeGatEncoder,codes.model.gat.edge_gat.GatedGatEncoder,rule_41,2020-01-29 15:16,0.018530115019530054,0.6192416548728943,0.005644519010093063,2.8236085176467896,0.9984375,0.9950161576271056
supervised/supervised_logic_complete_25,comp_r10_n100_ov,codes.model.models.Param,codes.model.gat.edge_gat.GatedGatEncoder,rule_4,2020-01-29 16:11,0.04695479664951563,0.6191069483757019,0.020264592487365007,2.2967679500579834,0.99375,0.9796605557203292
supervised/supervised_logic_complete_112,comp_r10_n100_ov,codes.model.models.Param,codes.model.rgcn.rgcn.CompositionRGCNEncoder,rule_18,2020-01-29 13:45,0.33791597187519073,0.6179620176553726,0.26246836185455324,1.7857127785682678,0.9127068012952804,0.8890759646892548
supervised/supervised_logic_complete_196,comp_r10_n100_ov,codes.model.models.Param,codes.model.rgcn.rgcn.CompositionRGCNEncoder,rule_32,2020-01-29 14:45,0.30995938554406166,0.615234375,0.1130675595253706,2.0067214965820312,0.9678883284330368,0.8867524266242981
supervised/supervised_logic_complete_298,comp_r10_n100_ov,codes.model.models.Param,codes.model.rgcn.rgcn.CompositionRGCNEncoder,rule_49,2020-01-29 16:15,0.2235669009387493,0.6151670217514038,0.0957352552562952,1.644380807876587,0.9747472435235978,0.9187769442796708
supervised/supervised_logic_complete_42,comp_r10_n100_ov,codes.model.gat.sig_edge_gat.GatedNodeGatEncoder,codes.model.gat.edge_gat.GatedGatEncoder,rule_7,2020-01-29 15:58,0.02003819588571787,0.6132475733757019,0.057092754542827605,2.4948511123657227,0.977780330181122,0.994140625
supervised/supervised_logic_complete_286,comp_r10_n100_ov,codes.model.models.Param,codes.model.rgcn.rgcn.CompositionRGCNEncoder,rule_47,2020-01-29 15:40,0.4574031978845596,0.6105199307203293,0.2377822630107403,1.7861519157886503,0.9197150737047196,0.8459725230932236
supervised/supervised_logic_complete_128,comp_r10_n100_ov,codes.model.gcn.gcn.RepresentationGCNEncoder,codes.model.gat.edge_gat.GatedGatEncoder,rule_21,2020-01-29 13:45,0.011388015700504184,0.6101495176553726,0.010031636664643883,2.4657492637634277,0.9974609375,0.9969692826271056
supervised/supervised_logic_complete_26,comp_r10_n100_ov,codes.model.gcn.gcn.RepresentationGCNEncoder,codes.model.gat.edge_gat.GatedGatEncoder,rule_4,2020-01-29 16:11,0.08140974026173353,0.6056371182203293,0.042042359430342915,2.1230390071868896,0.9871323525905608,0.9759563505649568
supervised/supervised_logic_complete_64,comp_r10_n100_ov,codes.model.models.Param,codes.model.rgcn.rgcn.CompositionRGCNEncoder,rule_10,2020-01-29 16:11,0.5574752315878868,0.6049299538135529,0.37514437437057496,2.3942465782165527,0.8720013797283173,0.8022966086864471
supervised/supervised_logic_complete_167,comp_r10_n100_ov,codes.model.gcn.gcn.RepresentationGCNEncoder,codes.model.rgcn.rgcn.CompositionRGCNEncoder,rule_27,2020-01-29 14:32,0.37606534361839294,0.6035829782485962,0.027515367418527604,4.4776893854141235,0.9919921875,0.9246699810028076
supervised/supervised_logic_complete_265,comp_r10_n100_ov,codes.model.models.Param,codes.model.gat.edge_gat.GatedGatEncoder,rule_44,2020-01-29 15:31,0.03328899946063757,0.6033135801553726,0.014191962243057788,2.112055778503418,0.9966796875,0.9931640625
supervised/supervised_logic_complete_73,comp_r10_n100_ov,codes.model.models.Param,codes.model.gat.edge_gat.GatedGatEncoder,rule_12,2020-01-29 15:32,0.04076126264408231,0.6029094755649567,0.01870246115140617,1.892229974269867,0.9951171875,0.9839709103107452
supervised/supervised_logic_complete_239,comp_r10_n100_ov,codes.model.gcn.gcn.RepresentationGCNEncoder,codes.model.rgcn.rgcn.CompositionRGCNEncoder,rule_39,2020-01-29 15:12,0.401712391525507,0.6027074307203293,0.02359210974536836,3.6305458545684814,0.9935776650905608,0.9498585611581802
supervised/supervised_logic_complete_248,comp_r10_n100_ov,codes.model.gcn.gcn.RepresentationGCNEncoder,codes.model.gat.edge_gat.GatedGatEncoder,rule_41,2020-01-29 15:17,0.026170210912823677,0.6009563505649567,0.010869633546099069,2.506689250469208,0.9970932900905608,0.9939385801553726
supervised/supervised_logic_complete_43,comp_r10_n100_ov,codes.model.models.Param,codes.model.gat.edge_gat.GatedGatEncoder,rule_7,2020-01-29 15:58,0.02831439208239317,0.5984981209039688,0.045211019646376374,2.8130195140838623,0.9801240801811218,0.994140625
supervised/supervised_logic_complete_63,comp_r10_n100_ov,codes.model.gat.sig_edge_gat.GatedNodeGatEncoder,codes.model.rgcn.rgcn.CompositionRGCNEncoder,rule_10,2020-01-29 16:11,0.3684587776660919,0.596174567937851,0.11961942482739688,2.3539748191833496,0.9676011025905608,0.8717672377824783
supervised/supervised_logic_complete_28,comp_r10_n100_ov,codes.model.models.Param,codes.model.rgcn.rgcn.CompositionRGCNEncoder,rule_4,2020-01-29 16:24,0.2526831850409508,0.5947939157485962,0.11750171929597857,1.9408088326454165,0.9657398909330368,0.9148706942796708
supervised/supervised_logic_complete_197,comp_r10_n100_ov,codes.model.gcn.gcn.RepresentationGCNEncoder,codes.model.rgcn.rgcn.CompositionRGCNEncoder,rule_32,2020-01-29 14:45,0.4874883145093918,0.5943224728107452,0.029077203618362545,5.265826940536499,0.9904296875,0.9044315665960312
supervised/supervised_logic_complete_134,comp_r10_n100_ov,codes.model.gcn.gcn.RepresentationGCNEncoder,codes.model.gat.edge_gat.GatedGatEncoder,rule_22,2020-01-29 14:05,0.05570924188941717,0.5928407907485962,0.033026094641536476,2.8576043248176575,0.9904296875,0.9850484877824784
supervised/supervised_logic_complete_271,comp_r10_n100_ov,codes.model.models.Param,codes.model.gat.edge_gat.GatedGatEncoder,rule_45,2020-01-29 15:34,0.02241950947791338,0.5919652432203293,0.007933319732546806,2.3465840816497803,0.9978745400905608,0.99609375
supervised/supervised_logic_complete_237,comp_r10_n100_ov,codes.model.gat.sig_edge_gat.GatedNodeGatEncoder,codes.model.rgcn.rgcn.CompositionRGCNEncoder,rule_39,2020-01-29 15:11,0.21745532006025312,0.5915948301553726,0.024159801099449395,3.0108638405799866,0.994358915090561,0.9509361535310744
supervised/supervised_logic_complete_238,comp_r10_n100_ov,codes.model.models.Param,codes.model.rgcn.rgcn.CompositionRGCNEncoder,rule_39,2020-01-29 15:11,0.22362379729747772,0.5874865353107452,0.07554454747587443,2.0357695817947388,0.9842256426811218,0.9399919211864473
supervised/supervised_logic_complete_132,comp_r10_n100_ov,codes.model.gat.sig_edge_gat.GatedNodeGatEncoder,codes.model.gat.edge_gat.GatedGatEncoder,rule_22,2020-01-29 14:05,0.05956441629678011,0.5858028084039688,0.025796443037688733,2.6060335636138916,0.9947265625,0.9797615855932236
supervised/supervised_logic_complete_242,comp_r10_n100_ov,codes.model.gcn.gcn.RepresentationGCNEncoder,codes.model.gat.edge_gat.GatedGatEncoder,rule_40,2020-01-29 15:13,0.03642160352319479,0.5835466086864471,0.018149534706026316,2.795309007167816,0.9947495400905608,0.9881802201271056
supervised/supervised_logic_complete_305,comp_r10_n100_ov,codes.model.gcn.gcn.RepresentationGCNEncoder,codes.model.rgcn.rgcn.CompositionRGCNEncoder,rule_50,2020-01-29 16:21,0.3193780407309532,0.583479255437851,0.02376426928676665,4.702343463897705,0.994140625,0.9370622336864473
supervised/supervised_logic_complete_130,comp_r10_n100_ov,codes.model.models.Param,codes.model.rgcn.rgcn.CompositionRGCNEncoder,rule_21,2020-01-29 13:45,0.27361029759049416,0.5803475230932236,0.06418107692152261,2.4096930027008057,0.9849839150905608,0.9115705788135527
supervised/supervised_logic_complete_272,comp_r10_n100_ov,codes.model.gcn.gcn.RepresentationGCNEncoder,codes.model.gat.edge_gat.GatedGatEncoder,rule_45,2020-01-29 15:35,0.018613495165482163,0.5802464932203293,0.009271973394788802,2.552049934864044,0.9978515625,0.99609375
supervised/supervised_logic_complete_259,comp_r10_n100_ov,codes.model.models.Param,codes.model.gat.edge_gat.GatedGatEncoder,rule_43,2020-01-29 15:27,0.05700400099158287,0.5794383138418198,0.009037977177649736,2.4005244970321655,0.9969209551811218,0.982893317937851
supervised/supervised_logic_complete_241,comp_r10_n100_ov,codes.model.models.Param,codes.model.gat.edge_gat.GatedGatEncoder,rule_40,2020-01-29 15:13,0.017162901465781033,0.5754310339689255,0.010559414618182928,2.230249285697937,0.997265625,0.994140625
supervised/supervised_logic_complete_168,comp_r10_n100_ov,codes.model.gat.sig_edge_gat.GatedNodeGatEncoder,codes.model.gat.edge_gat.GatedGatEncoder,rule_28,2020-01-29 14:33,0.025796146597713232,0.5748585611581802,0.01908442080020905,3.102931261062622,0.9946001827716828,0.9908068478107452
supervised/supervised_logic_complete_136,comp_r10_n100_ov,codes.model.models.Param,codes.model.rgcn.rgcn.CompositionRGCNEncoder,rule_22,2020-01-29 14:06,0.23172244802117348,0.5725013464689255,0.10753147769719362,2.5025474429130554,0.9712890625,0.923356682062149
supervised/supervised_logic_complete_169,comp_r10_n100_ov,codes.model.models.Param,codes.model.gat.edge_gat.GatedGatEncoder,rule_28,2020-01-29 14:33,0.020552668254822493,0.5708512961864471,0.014430314581841233,3.1720356345176697,0.9959214150905608,0.9931640625
supervised/supervised_logic_complete_304,comp_r10_n100_ov,codes.model.models.Param,codes.model.rgcn.rgcn.CompositionRGCNEncoder,rule_50,2020-01-29 16:21,0.20592769607901573,0.5704808682203293,0.09868157356977462,2.1447726488113403,0.9765854775905608,0.9366581290960312
supervised/supervised_logic_complete_270,comp_r10_n100_ov,codes.model.gat.sig_edge_gat.GatedNodeGatEncoder,codes.model.gat.edge_gat.GatedGatEncoder,rule_45,2020-01-29 15:34,0.01916548248846084,0.5693022608757019,0.007003825582796708,2.330713629722595,0.9982421875,0.9951171875
supervised/supervised_logic_complete_52,comp_r10_n100_ov,codes.model.models.Param,codes.model.rgcn.rgcn.CompositionRGCNEncoder,rule_8,2020-01-29 15:52,0.24318604171276093,0.5687297880649567,0.20896993353962895,2.4815521836280823,0.9297219663858414,0.912143051624298
supervised/supervised_logic_complete_260,comp_r10_n100_ov,codes.model.gcn.gcn.RepresentationGCNEncoder,codes.model.gat.edge_gat.GatedGatEncoder,rule_43,2020-01-29 15:28,0.04850548366084695,0.5668440163135529,0.016223284974694253,2.2688856422901154,0.9965073525905608,0.9880792051553726
supervised/supervised_logic_complete_156,comp_r10_n100_ov,codes.model.gat.sig_edge_gat.GatedNodeGatEncoder,codes.model.gat.edge_gat.GatedGatEncoder,rule_26,2020-01-29 14:20,0.011891119880601764,0.5654970407485962,0.010009163687936962,2.7901875376701355,0.9982421875,0.9970703125
supervised/supervised_logic_complete_170,comp_r10_n100_ov,codes.model.gcn.gcn.RepresentationGCNEncoder,codes.model.gat.edge_gat.GatedGatEncoder,rule_28,2020-01-29 14:33,0.05090244859457016,0.5640153586864471,0.029615500662475824,3.452911853790283,0.9930147051811218,0.9823208451271056
supervised/supervised_logic_complete_53,comp_r10_n100_ov,codes.model.gcn.gcn.RepresentationGCNEncoder,codes.model.rgcn.rgcn.CompositionRGCNEncoder,rule_8,2020-01-29 14:47,0.2834429033100605,0.5626683682203293,0.07959853261709213,4.9448124170303345,0.9710363060235976,0.9040274769067764
supervised/supervised_logic_complete_65,comp_r10_n100_ov,codes.model.gcn.gcn.RepresentationGCNEncoder,codes.model.rgcn.rgcn.CompositionRGCNEncoder,rule_10,2020-01-29 16:17,0.4654560759663582,0.5626346915960312,0.1037873962894082,3.447737157344818,0.9666015625,0.87890625
supervised/supervised_logic_complete_266,comp_r10_n100_ov,codes.model.gcn.gcn.RepresentationGCNEncoder,codes.model.gat.edge_gat.GatedGatEncoder,rule_44,2020-01-29 15:33,0.0722138462588191,0.5611866861581802,0.03400940354913473,3.0773239731788635,0.9927964150905608,0.9723531752824784
supervised/supervised_logic_complete_77,comp_r10_n100_ov,codes.model.gcn.gcn.RepresentationGCNEncoder,codes.model.rgcn.rgcn.CompositionRGCNEncoder,rule_12,2020-01-29 15:32,0.4325408264994621,0.5610856711864471,0.04158983919769525,4.23109757900238,0.9873046875,0.9098868519067764
supervised/supervised_logic_complete_44,comp_r10_n100_ov,codes.model.gcn.gcn.RepresentationGCNEncoder,codes.model.gat.edge_gat.GatedGatEncoder,rule_7,2020-01-29 15:58,0.04304121155291796,0.5584253817796707,0.06007174607366324,2.520854413509369,0.9764131426811218,0.9871026426553726
supervised/supervised_logic_complete_303,comp_r10_n100_ov,codes.model.gat.sig_edge_gat.GatedNodeGatEncoder,codes.model.rgcn.rgcn.CompositionRGCNEncoder,rule_50,2020-01-29 16:21,0.21947753801941872,0.5552262961864471,0.04051778819411993,2.7378796339035034,0.9908203125,0.9329539388418198
supervised/supervised_logic_complete_172,comp_r10_n100_ov,codes.model.models.Param,codes.model.rgcn.rgcn.CompositionRGCNEncoder,rule_28,2020-01-29 14:34,0.20609332621097565,0.5523639470338821,0.10786913931369782,3.2014500498771667,0.9734030336141586,0.9399919211864473
supervised/supervised_logic_complete_240,comp_r10_n100_ov,codes.model.gat.sig_edge_gat.GatedNodeGatEncoder,codes.model.gat.edge_gat.GatedGatEncoder,rule_40,2020-01-29 15:12,0.013966895639896393,0.5523302778601646,0.012015323620289564,2.5018539428710938,0.9961397051811218,0.9951171875
supervised/supervised_logic_complete_66,comp_r10_n100_ov,codes.model.gat.sig_edge_gat.GatedNodeGatEncoder,codes.model.gat.edge_gat.GatedGatEncoder,rule_11,2020-01-29 15:52,0.05861842073500157,0.552262932062149,0.015329253487288952,2.3037229180336,0.9958984375,0.9890557676553726
supervised/supervised_logic_complete_31,comp_r10_n100_ov,codes.model.models.Param,codes.model.gat.edge_gat.GatedGatEncoder,rule_5,2020-01-29 16:05,0.02405070886015892,0.5481546372175217,0.012537924945354462,2.6086357831954956,0.9966796875,0.9927599728107452
supervised/supervised_logic_complete_32,comp_r10_n100_ov,codes.model.gcn.gcn.RepresentationGCNEncoder,codes.model.gat.edge_gat.GatedGatEncoder,rule_5,2020-01-29 16:30,0.04168425593525171,0.5389614775776863,0.03051830492913723,2.5861140489578247,0.9919921875,0.9898302853107452
supervised/supervised_logic_complete_264,comp_r10_n100_ov,codes.model.gat.sig_edge_gat.GatedNodeGatEncoder,codes.model.gat.edge_gat.GatedGatEncoder,rule_44,2020-01-29 15:30,0.05568948853760958,0.5382206290960312,0.023812271002680064,3.0214144587516785,0.99453125,0.9788860380649568
supervised/supervised_logic_complete_46,comp_r10_n100_ov,codes.model.models.Param,codes.model.rgcn.rgcn.CompositionRGCNEncoder,rule_7,2020-01-29 15:58,0.30380210280418396,0.5370083525776863,0.1803003877401352,2.221102297306061,0.938568475842476,0.8804552853107452
supervised/supervised_logic_complete_37,comp_r10_n100_ov,codes.model.models.Param,codes.model.gat.edge_gat.GatedGatEncoder,rule_6,2020-01-29 16:31,0.03157731285318732,0.5361664891242981,0.024858915805816652,2.8239322304725647,0.9923828125,0.9878771603107452
supervised/supervised_logic_complete_273,comp_r10_n100_ov,codes.model.gat.sig_edge_gat.GatedNodeGatEncoder,codes.model.rgcn.rgcn.CompositionRGCNEncoder,rule_45,2020-01-29 15:35,0.11410295404493807,0.5347184836864471,0.026691803149878977,4.965834379196167,0.9941636025905608,0.9722521603107452
supervised/supervised_logic_complete_158,comp_r10_n100_ov,codes.model.gcn.gcn.RepresentationGCNEncoder,codes.model.gat.edge_gat.GatedGatEncoder,rule_26,2020-01-29 14:20,0.022447131108492613,0.5342133641242981,0.01263158330693841,2.994586825370789,0.997265625,0.9910088926553726
supervised/supervised_logic_complete_67,comp_r10_n100_ov,codes.model.models.Param,codes.model.gat.edge_gat.GatedGatEncoder,rule_11,2020-01-29 14:14,0.03443557140417397,0.5333041548728943,0.013934736838564277,2.7187445163726807,0.9970703125,0.9921875
supervised/supervised_logic_complete_157,comp_r10_n100_ov,codes.model.models.Param,codes.model.gat.edge_gat.GatedGatEncoder,rule_26,2020-01-29 14:20,0.010917491395957768,0.5322602391242981,0.010501039400696754,3.2764378786087036,0.9971162676811218,0.9959927201271056
supervised/supervised_logic_complete_129,comp_r10_n100_ov,codes.model.gat.sig_edge_gat.GatedNodeGatEncoder,codes.model.rgcn.rgcn.CompositionRGCNEncoder,rule_21,2020-01-29 13:45,0.2533712014555931,0.5313173532485962,0.015473075723275545,3.9483730792999263,0.997265625,0.9252424538135527
supervised/supervised_logic_complete_135,comp_r10_n100_ov,codes.model.gat.sig_edge_gat.GatedNodeGatEncoder,codes.model.rgcn.rgcn.CompositionRGCNEncoder,rule_22,2020-01-29 14:05,0.14727267064154148,0.5299030095338821,0.015993957035243513,5.864884376525879,0.9966796875,0.9456492513418198
supervised/supervised_logic_complete_36,comp_r10_n100_ov,codes.model.gat.sig_edge_gat.GatedNodeGatEncoder,codes.model.gat.edge_gat.GatedGatEncoder,rule_6,2020-01-29 16:24,0.03768968675285578,0.5284550040960312,0.029008659394457938,2.6031280755996704,0.9935546875,0.9859240353107452
supervised/supervised_logic_complete_30,comp_r10_n100_ov,codes.model.gat.sig_edge_gat.GatedNodeGatEncoder,codes.model.gat.edge_gat.GatedGatEncoder,rule_5,2020-01-29 16:11,0.043314757756888866,0.5257610455155373,0.02754821293056011,2.9012399911880493,0.9918198525905608,0.9859240353107452
supervised/supervised_logic_complete_68,comp_r10_n100_ov,codes.model.gcn.gcn.RepresentationGCNEncoder,codes.model.gat.edge_gat.GatedGatEncoder,rule_11,2020-01-29 14:14,0.05156584898941219,0.5254916548728943,0.01663154975976795,2.466931641101837,0.9951171875,0.9940395951271056
supervised/supervised_logic_complete_243,comp_r10_n100_ov,codes.model.gat.sig_edge_gat.GatedNodeGatEncoder,codes.model.rgcn.rgcn.CompositionRGCNEncoder,rule_40,2020-01-29 15:15,0.26394952461123466,0.5245150923728943,0.026767037529498335,2.850042223930359,0.9953125,0.9249393790960312
supervised/supervised_logic_complete_275,comp_r10_n100_ov,codes.model.gcn.gcn.RepresentationGCNEncoder,codes.model.rgcn.rgcn.CompositionRGCNEncoder,rule_45,2020-01-29 15:36,0.1974622048437595,0.5235721915960312,0.02324865385890007,9.090137243270874,0.993405330181122,0.9681438505649568
supervised/supervised_logic_complete_274,comp_r10_n100_ov,codes.model.models.Param,codes.model.rgcn.rgcn.CompositionRGCNEncoder,rule_45,2020-01-29 15:35,0.1881648600101471,0.5235721915960312,0.09040182251483202,2.7912811636924744,0.9764361202716828,0.939419448375702
supervised/supervised_logic_complete_51,comp_r10_n100_ov,codes.model.gat.sig_edge_gat.GatedNodeGatEncoder,codes.model.rgcn.rgcn.CompositionRGCNEncoder,rule_8,2020-01-29 14:14,0.254392571747303,0.5230670720338821,0.08970586322247982,3.3346861600875854,0.9713350176811218,0.9076306521892548
supervised/supervised_logic_complete_76,comp_r10_n100_ov,codes.model.models.Param,codes.model.rgcn.rgcn.CompositionRGCNEncoder,rule_12,2020-01-29 14:14,0.2511372044682503,0.5228650271892548,0.12825845927000046,2.056750386953354,0.9654986202716828,0.9193830788135527
supervised/supervised_logic_complete_140,comp_r10_n100_ov,codes.model.gcn.gcn.RepresentationGCNEncoder,codes.model.gat.edge_gat.GatedGatEncoder,rule_23,2020-01-29 14:07,0.024573030648753047,0.5224946141242981,0.015776069695129992,3.7455883622169495,0.9951171875,0.994140625
supervised/supervised_logic_complete_269,comp_r10_n100_ov,codes.model.gcn.gcn.RepresentationGCNEncoder,codes.model.rgcn.rgcn.CompositionRGCNEncoder,rule_44,2020-01-29 15:33,0.31834202259778976,0.519059807062149,0.04185080286115408,9.88998818397522,0.9857881426811218,0.914668634533882
supervised/supervised_logic_complete_131,comp_r10_n100_ov,codes.model.gcn.gcn.RepresentationGCNEncoder,codes.model.rgcn.rgcn.CompositionRGCNEncoder,rule_21,2020-01-29 14:04,0.3259766958653927,0.5157596915960312,0.010609992954414338,6.8417809009552,0.9978515625,0.9284752160310744
supervised/supervised_logic_complete_38,comp_r10_n100_ov,codes.model.gcn.gcn.RepresentationGCNEncoder,codes.model.gat.edge_gat.GatedGatEncoder,rule_6,2020-01-29 16:11,0.04639480449259281,0.513671875,0.03548795329406858,2.6900486946105957,0.9896484375,0.9829943478107452
supervised/supervised_logic_complete_297,comp_r10_n100_ov,codes.model.gat.sig_edge_gat.GatedNodeGatEncoder,codes.model.rgcn.rgcn.CompositionRGCNEncoder,rule_49,2020-01-29 16:15,0.2725837640464306,0.5114493519067764,0.02436645794659853,3.0154318809509277,0.9947265625,0.9102909415960312
supervised/supervised_logic_complete_75,comp_r10_n100_ov,codes.model.gat.sig_edge_gat.GatedNodeGatEncoder,codes.model.rgcn.rgcn.CompositionRGCNEncoder,rule_12,2020-01-29 15:52,0.31892548501491547,0.5111462771892548,0.0521540466696024,2.6960816979408264,0.988671875,0.9171268790960312
supervised/supervised_logic_complete_252,comp_r10_n100_ov,codes.model.gat.sig_edge_gat.GatedNodeGatEncoder,codes.model.gat.edge_gat.GatedGatEncoder,rule_42,2020-01-29 15:21,0.009594391245627776,0.5108432173728943,0.01053657466545701,2.883614420890808,0.9971162676811218,0.9970703125
supervised/supervised_logic_complete_138,comp_r10_n100_ov,codes.model.gat.sig_edge_gat.GatedNodeGatEncoder,codes.model.gat.edge_gat.GatedGatEncoder,rule_23,2020-01-29 14:06,0.025371852796524763,0.5078125,0.0149239806458354,3.628264367580414,0.9976792275905608,0.9940395951271056
supervised/supervised_logic_complete_137,comp_r10_n100_ov,codes.model.gcn.gcn.RepresentationGCNEncoder,codes.model.rgcn.rgcn.CompositionRGCNEncoder,rule_22,2020-01-29 14:06,0.234770018607378,0.5060614198446274,0.012006864277645943,9.981648445129396,0.99765625,0.9393857717514038
supervised/supervised_logic_complete_171,comp_r10_n100_ov,codes.model.gat.sig_edge_gat.GatedNodeGatEncoder,codes.model.rgcn.rgcn.CompositionRGCNEncoder,rule_28,2020-01-29 14:33,0.14468739181756973,0.5027276426553726,0.015994202950969337,5.372399926185608,0.9982421875,0.9591527432203292
supervised/supervised_logic_complete_91,comp_r10_n100_ov,codes.model.models.Param,codes.model.gat.edge_gat.GatedGatEncoder,rule_15,2020-01-29 13:45,0.03711060946807265,0.500505119562149,0.027436277735978364,3.5983224511146545,0.992405790090561,0.9880792051553726
supervised/supervised_logic_complete_2,comp_r10_n100_ov,codes.model.gcn.gcn.RepresentationGCNEncoder,codes.model.gat.edge_gat.GatedGatEncoder,rule_0,2020-01-29 14:14,0.07033003494143486,0.4997979551553726,0.02326927622780204,2.995948612689972,0.9931870400905608,0.9708714932203292
supervised/supervised_logic_complete_173,comp_r10_n100_ov,codes.model.gcn.gcn.RepresentationGCNEncoder,codes.model.rgcn.rgcn.CompositionRGCNEncoder,rule_28,2020-01-29 14:34,0.19514225050807,0.4988213926553726,0.010440092440694573,7.933292865753174,0.998046875,0.9620824307203292
supervised/supervised_logic_complete_160,comp_r10_n100_ov,codes.model.models.Param,codes.model.rgcn.rgcn.CompositionRGCNEncoder,rule_26,2020-01-29 14:20,0.22277122363448143,0.49861934036016464,0.10228204410523176,2.720862627029419,0.9726792275905608,0.9232893288135527
supervised/supervised_logic_complete_267,comp_r10_n100_ov,codes.model.gat.sig_edge_gat.GatedNodeGatEncoder,codes.model.rgcn.rgcn.CompositionRGCNEncoder,rule_44,2020-01-29 15:32,0.2614658698439598,0.4982489198446274,0.050513403862714766,4.879263758659363,0.990452665090561,0.916049301624298
supervised/supervised_logic_complete_39,comp_r10_n100_ov,codes.model.gat.sig_edge_gat.GatedNodeGatEncoder,codes.model.rgcn.rgcn.CompositionRGCNEncoder,rule_6,2020-01-29 16:24,0.3222177252173424,0.4981479048728943,0.0979246849194169,3.635501325130462,0.972897517681122,0.8871228396892548
supervised/supervised_logic_complete_41,comp_r10_n100_ov,codes.model.gcn.gcn.RepresentationGCNEncoder,codes.model.rgcn.rgcn.CompositionRGCNEncoder,rule_6,2020-01-29 14:14,0.3913349509239197,0.4948477894067764,0.082282087020576,5.8209980726242065,0.9744140625,0.875
supervised/supervised_logic_complete_1,comp_r10_n100_ov,codes.model.models.Param,codes.model.gat.edge_gat.GatedGatEncoder,rule_0,2020-01-29 14:47,0.05858813971281051,0.49444369971752167,0.013911998341791331,2.8995126485824585,0.9962890625,0.9729256480932236
supervised/supervised_logic_complete_90,comp_r10_n100_ov,codes.model.gat.sig_edge_gat.GatedNodeGatEncoder,codes.model.gat.edge_gat.GatedGatEncoder,rule_15,2020-01-29 13:45,0.031423494685441256,0.4942416548728943,0.02953497162088752,4.019765496253967,0.9916245400905608,0.9930630326271056
supervised/supervised_logic_complete_139,comp_r10_n100_ov,codes.model.models.Param,codes.model.gat.edge_gat.GatedGatEncoder,rule_23,2020-01-29 14:07,0.008231266139773652,0.4929620176553726,0.008626621216535568,3.5977582335472107,0.9976792275905608,0.9970703125
supervised/supervised_logic_complete_299,comp_r10_n100_ov,codes.model.gcn.gcn.RepresentationGCNEncoder,codes.model.rgcn.rgcn.CompositionRGCNEncoder,rule_49,2020-01-29 16:16,0.3893453851342201,0.49053744971752167,0.036265681684017184,4.34295266866684,0.988499540090561,0.8801858872175217
supervised/supervised_logic_complete_249,comp_r10_n100_ov,codes.model.gat.sig_edge_gat.GatedNodeGatEncoder,codes.model.rgcn.rgcn.CompositionRGCNEncoder,rule_41,2020-01-29 15:19,0.21524567157030103,0.48983027786016464,0.029144031833857297,3.989299714565277,0.9929917275905608,0.9418440163135527
supervised/supervised_logic_complete_45,comp_r10_n100_ov,codes.model.gat.sig_edge_gat.GatedNodeGatEncoder,codes.model.rgcn.rgcn.CompositionRGCNEncoder,rule_7,2020-01-29 16:05,0.31480632722377777,0.4867322146892547,0.1063284683972597,3.1854984164237976,0.9662339150905608,0.8970905095338821
supervised/supervised_logic_complete_3,comp_r10_n100_ov,codes.model.gat.sig_edge_gat.GatedNodeGatEncoder,codes.model.rgcn.rgcn.CompositionRGCNEncoder,rule_0,2020-01-29 14:14,0.3356987461447716,0.4864965006709099,0.08320667538791895,4.735226273536682,0.9775390625,0.8928811997175217
supervised/supervised_logic_complete_47,comp_r10_n100_ov,codes.model.gcn.gcn.RepresentationGCNEncoder,codes.model.rgcn.rgcn.CompositionRGCNEncoder,rule_7,2020-01-29 15:58,0.31467365473508835,0.4857556521892547,0.09015685543417933,5.78043258190155,0.9642807900905608,0.905307114124298
supervised/supervised_logic_complete_253,comp_r10_n100_ov,codes.model.models.Param,codes.model.gat.edge_gat.GatedGatEncoder,rule_42,2020-01-29 15:20,0.005561817437410355,0.4831963926553726,0.005799990380182862,2.6218201518058777,0.998046875,0.998046875
supervised/supervised_logic_complete_263,comp_r10_n100_ov,codes.model.gcn.gcn.RepresentationGCNEncoder,codes.model.rgcn.rgcn.CompositionRGCNEncoder,rule_43,2020-01-29 15:29,0.5555978938937187,0.482421875,0.03560900129377842,7.020850419998169,0.9896714150905608,0.8476225733757019
supervised/supervised_logic_complete_0,comp_r10_n100_ov,codes.model.gat.sig_edge_gat.GatedNodeGatEncoder,codes.model.gat.edge_gat.GatedGatEncoder,rule_0,2020-01-29 13:45,0.0650522019714117,0.48094019293785095,0.014993353583849966,2.9685524106025696,0.996484375,0.972151130437851
supervised/supervised_logic_complete_29,comp_r10_n100_ov,codes.model.gcn.gcn.RepresentationGCNEncoder,codes.model.rgcn.rgcn.CompositionRGCNEncoder,rule_4,2020-01-29 16:05,0.41153763234615326,0.48083917051553726,0.07458713259547949,5.609774947166443,0.9709673702716828,0.8773572146892548
supervised/supervised_logic_complete_244,comp_r10_n100_ov,codes.model.models.Param,codes.model.rgcn.rgcn.CompositionRGCNEncoder,rule_40,2020-01-29 15:15,0.18927741423249245,0.47898706793785095,0.0740367628633976,2.65607088804245,0.9832261025905608,0.9438981711864473
supervised/supervised_logic_complete_142,comp_r10_n100_ov,codes.model.models.Param,codes.model.rgcn.rgcn.CompositionRGCNEncoder,rule_23,2020-01-29 14:08,0.3026217073202133,0.4763604551553726,0.0996244166046381,3.041763186454773,0.9721162676811218,0.907260239124298
supervised/supervised_logic_complete_40,comp_r10_n100_ov,codes.model.models.Param,codes.model.rgcn.rgcn.CompositionRGCNEncoder,rule_6,2020-01-29 15:58,0.4572354033589363,0.47615840286016464,0.3192041337490082,2.3562994599342346,0.8893152564764023,0.8046201467514038
supervised/supervised_logic_complete_175,comp_r10_n100_ov,codes.model.models.Param,codes.model.gat.edge_gat.GatedGatEncoder,rule_29,2020-01-29 14:37,0.03745826054364443,0.47521550953388214,0.006630360498093069,2.678707778453827,0.9990234375,0.9940395951271056
supervised/supervised_logic_complete_27,comp_r10_n100_ov,codes.model.gat.sig_edge_gat.GatedNodeGatEncoder,codes.model.rgcn.rgcn.CompositionRGCNEncoder,rule_4,2020-01-29 16:31,0.3639806061983109,0.47508081793785095,0.05953572662547231,3.693555891513825,0.9832261025905608,0.8818359375
supervised/supervised_logic_complete_19,comp_r10_n100_ov,codes.model.models.Param,codes.model.gat.edge_gat.GatedGatEncoder,rule_3,2020-01-29 16:05,0.014075011713430284,0.4733970910310745,0.025162863172590737,3.054959774017334,0.9923828125,0.9950161576271056
supervised/supervised_logic_complete_143,comp_r10_n100_ov,codes.model.gcn.gcn.RepresentationGCNEncoder,codes.model.rgcn.rgcn.CompositionRGCNEncoder,rule_23,2020-01-29 14:08,0.32511867582798004,0.47302667051553726,0.009130795672535896,6.442352294921875,0.9984375,0.9450767785310744
supervised/supervised_logic_complete_261,comp_r10_n100_ov,codes.model.gat.sig_edge_gat.GatedNodeGatEncoder,codes.model.rgcn.rgcn.CompositionRGCNEncoder,rule_43,2020-01-29 15:28,0.4779044091701507,0.47265625,0.03968374980613589,3.932480812072754,0.991015625,0.8580953627824783
supervised/supervised_logic_complete_245,comp_r10_n100_ov,codes.model.gcn.gcn.RepresentationGCNEncoder,codes.model.rgcn.rgcn.CompositionRGCNEncoder,rule_40,2020-01-29 15:15,0.35286523774266243,0.4719154089689255,0.023145689466036855,6.118550896644592,0.9943359375,0.919955551624298
supervised/supervised_logic_complete_254,comp_r10_n100_ov,codes.model.gcn.gcn.RepresentationGCNEncoder,codes.model.gat.edge_gat.GatedGatEncoder,rule_42,2020-01-29 15:22,0.02059943974018097,0.4717470332980156,0.01517248353920877,3.1846489310264587,0.99609375,0.9940395951271056
supervised/supervised_logic_complete_250,comp_r10_n100_ov,codes.model.models.Param,codes.model.rgcn.rgcn.CompositionRGCNEncoder,rule_41,2020-01-29 15:20,0.23406589776277545,0.4699959605932236,0.07150377798825502,2.709229052066803,0.9838120400905608,0.9343009144067764
supervised/supervised_logic_complete_174,comp_r10_n100_ov,codes.model.gat.sig_edge_gat.GatedNodeGatEncoder,codes.model.gat.edge_gat.GatedGatEncoder,rule_29,2020-01-29 14:35,0.04475336242467165,0.4679418131709099,0.011127302516251802,2.8043139576911926,0.99765625,0.9919854551553726
supervised/supervised_logic_complete_251,comp_r10_n100_ov,codes.model.gcn.gcn.RepresentationGCNEncoder,codes.model.rgcn.rgcn.CompositionRGCNEncoder,rule_41,2020-01-29 15:20,0.36695872247219086,0.4678071141242981,0.034568915236741306,6.864570736885071,0.989453125,0.9169248342514038
supervised/supervised_logic_complete_159,comp_r10_n100_ov,codes.model.gat.sig_edge_gat.GatedNodeGatEncoder,codes.model.rgcn.rgcn.CompositionRGCNEncoder,rule_26,2020-01-29 14:20,0.1630087662488222,0.4656856134533882,0.022895067278295756,4.850544452667236,0.9939453125,0.9553475230932236
supervised/supervised_logic_complete_5,comp_r10_n100_ov,codes.model.gcn.gcn.RepresentationGCNEncoder,codes.model.rgcn.rgcn.CompositionRGCNEncoder,rule_0,2020-01-29 14:14,0.4088018983602524,0.46150996536016464,0.06813712567090988,7.435128927230835,0.977757352590561,0.892106682062149
supervised/supervised_logic_complete_4,comp_r10_n100_ov,codes.model.models.Param,codes.model.rgcn.rgcn.CompositionRGCNEncoder,rule_0,2020-01-29 14:14,0.4397897720336914,0.46150996536016464,0.1846715897321701,2.437903046607971,0.9468175560235976,0.8469490855932236
supervised/supervised_logic_complete_35,comp_r10_n100_ov,codes.model.gcn.gcn.RepresentationGCNEncoder,codes.model.rgcn.rgcn.CompositionRGCNEncoder,rule_5,2020-01-29 16:11,0.26853250339627266,0.46147629618644714,0.04435458425432444,7.427181720733643,0.9861557900905608,0.9373316317796708
supervised/supervised_logic_complete_161,comp_r10_n100_ov,codes.model.gcn.gcn.RepresentationGCNEncoder,codes.model.rgcn.rgcn.CompositionRGCNEncoder,rule_26,2020-01-29 14:22,0.2540913801640272,0.4611058756709099,0.01559734516777098,7.996546149253845,0.9937729775905608,0.9455818980932236
supervised/supervised_logic_complete_86,comp_r10_n100_ov,codes.model.gcn.gcn.RepresentationGCNEncoder,codes.model.gat.edge_gat.GatedGatEncoder,rule_14,2020-01-29 13:45,0.13418829068541527,0.45740167051553726,0.05679423678666353,3.2606509923934937,0.9766314327716829,0.9317753165960312
supervised/supervised_logic_complete_71,comp_r10_n100_ov,codes.model.gcn.gcn.RepresentationGCNEncoder,codes.model.rgcn.rgcn.CompositionRGCNEncoder,rule_11,2020-01-29 15:52,0.3367510288953781,0.4563914313912392,0.031049523130059244,6.621527671813965,0.990475642681122,0.9247373342514038
supervised/supervised_logic_complete_141,comp_r10_n100_ov,codes.model.gat.sig_edge_gat.GatedNodeGatEncoder,codes.model.rgcn.rgcn.CompositionRGCNEncoder,rule_23,2020-01-29 14:07,0.19428690522909164,0.45544854551553726,0.010364222107455134,4.693376302719116,0.99921875,0.9429216086864473
supervised/supervised_logic_complete_34,comp_r10_n100_ov,codes.model.models.Param,codes.model.rgcn.rgcn.CompositionRGCNEncoder,rule_5,2020-01-29 16:05,0.3434317708015442,0.45464035868644714,0.1770847223699093,3.621820986270905,0.9455193012952804,0.8659078627824783
supervised/supervised_logic_complete_78,comp_r10_n100_ov,codes.model.gat.sig_edge_gat.GatedNodeGatEncoder,codes.model.gat.edge_gat.GatedGatEncoder,rule_13,2020-01-29 15:45,0.069898531306535,0.4530913233757019,0.030844364035874604,2.7738566994667053,0.990452665090561,0.9758553355932236
supervised/supervised_logic_complete_22,comp_r10_n100_ov,codes.model.models.Param,codes.model.rgcn.rgcn.CompositionRGCNEncoder,rule_3,2020-01-29 16:05,0.296006016433239,0.4512392207980156,0.14161224998533725,2.328594744205475,0.9577091008424758,0.8818359375
supervised/supervised_logic_complete_268,comp_r10_n100_ov,codes.model.models.Param,codes.model.rgcn.rgcn.CompositionRGCNEncoder,rule_44,2020-01-29 15:32,0.4017699807882309,0.4504310339689255,0.21926949620246888,3.2473738193511963,0.9331456810235976,0.8531115353107452
supervised/supervised_logic_complete_84,comp_r10_n100_ov,codes.model.gat.sig_edge_gat.GatedNodeGatEncoder,codes.model.gat.edge_gat.GatedGatEncoder,rule_14,2020-01-29 13:45,0.13944809138774872,0.4481074884533882,0.06419297978281975,3.601094663143158,0.9757008284330368,0.9335263967514038
supervised/supervised_logic_complete_176,comp_r10_n100_ov,codes.model.gcn.gcn.RepresentationGCNEncoder,codes.model.gat.edge_gat.GatedGatEncoder,rule_29,2020-01-29 14:37,0.06515808124095201,0.44487473368644714,0.018047603918239473,2.985102951526642,0.9951171875,0.9900323301553726
supervised/supervised_logic_complete_69,comp_r10_n100_ov,codes.model.gat.sig_edge_gat.GatedNodeGatEncoder,codes.model.rgcn.rgcn.CompositionRGCNEncoder,rule_11,2020-01-29 15:32,0.2445227988064289,0.44484105706214905,0.03365587759763002,4.029982686042786,0.9916015625,0.9308997839689256
supervised/supervised_logic_complete_262,comp_r10_n100_ov,codes.model.models.Param,codes.model.rgcn.rgcn.CompositionRGCNEncoder,rule_43,2020-01-29 15:29,0.39206480234861374,0.4367928355932236,0.12125561200082302,2.727272868156433,0.9613970577716828,0.8506869673728943
supervised/supervised_logic_complete_94,comp_r10_n100_ov,codes.model.models.Param,codes.model.rgcn.rgcn.CompositionRGCNEncoder,rule_15,2020-01-29 13:45,0.32444584369659424,0.4353111535310745,0.201555435359478,3.5851622223854065,0.9453010112047197,0.896012932062149
supervised/supervised_logic_complete_6,comp_r10_n100_ov,codes.model.gat.sig_edge_gat.GatedNodeGatEncoder,codes.model.gat.edge_gat.GatedGatEncoder,rule_1,2020-01-29 14:14,0.06366687547415495,0.4319773688912392,0.03574733678251505,3.455371260643006,0.9887178301811218,0.9790880978107452
supervised/supervised_logic_complete_18,comp_r10_n100_ov,codes.model.gat.sig_edge_gat.GatedNodeGatEncoder,codes.model.gat.edge_gat.GatedGatEncoder,rule_3,2020-01-29 16:05,0.045663260854780674,0.4288456365466118,0.02486340645700693,3.1105682849884033,0.993359375,0.9872036576271056
supervised/supervised_logic_complete_33,comp_r10_n100_ov,codes.model.gat.sig_edge_gat.GatedNodeGatEncoder,codes.model.rgcn.rgcn.CompositionRGCNEncoder,rule_5,2020-01-29 16:11,0.22665604576468468,0.4285425618290901,0.05051973555237055,5.17229163646698,0.9881089150905608,0.9395878165960312
supervised/supervised_logic_complete_7,comp_r10_n100_ov,codes.model.models.Param,codes.model.gat.edge_gat.GatedGatEncoder,rule_1,2020-01-29 14:14,0.054887755773961544,0.4283741936087608,0.0307064238935709,3.4930059909820557,0.9908203125,0.9830953627824784
supervised/supervised_logic_complete_182,comp_r10_n100_ov,codes.model.gcn.gcn.RepresentationGCNEncoder,codes.model.gat.edge_gat.GatedGatEncoder,rule_30,2020-01-29 14:39,0.017480529379099607,0.4257138967514038,0.00987781814765185,3.8571778535842896,0.9974609375,0.9969692826271056
supervised/supervised_logic_complete_150,comp_r10_n100_ov,codes.model.gat.sig_edge_gat.GatedNodeGatEncoder,codes.model.gat.edge_gat.GatedGatEncoder,rule_25,2020-01-29 14:19,0.009911197354085743,0.4241648688912392,0.006655484926886857,3.5536158084869385,0.9984375,0.998046875
supervised/supervised_logic_complete_92,comp_r10_n100_ov,codes.model.gcn.gcn.RepresentationGCNEncoder,codes.model.gat.edge_gat.GatedGatEncoder,rule_15,2020-01-29 13:45,0.02723298640921712,0.42335668206214905,0.030634474474936724,4.135864794254303,0.9908203125,0.9909078627824784
supervised/supervised_logic_complete_79,comp_r10_n100_ov,codes.model.models.Param,codes.model.gat.edge_gat.GatedGatEncoder,rule_13,2020-01-29 15:52,0.06298378435894847,0.41938307881355286,0.021774151222780348,3.4057573676109314,0.99453125,0.981916755437851
supervised/supervised_logic_complete_70,comp_r10_n100_ov,codes.model.models.Param,codes.model.rgcn.rgcn.CompositionRGCNEncoder,rule_11,2020-01-29 15:58,0.2791138291358948,0.41934940963983536,0.11820746883749962,3.182019293308258,0.9732881426811218,0.8959119021892548
supervised/supervised_logic_complete_152,comp_r10_n100_ov,codes.model.gcn.gcn.RepresentationGCNEncoder,codes.model.gat.edge_gat.GatedGatEncoder,rule_25,2020-01-29 14:19,0.026369100902229548,0.4187095910310745,0.01332628345116973,3.684118688106537,0.9974839150905608,0.9929620176553726
supervised/supervised_logic_complete_12,comp_r10_n100_ov,codes.model.gat.sig_edge_gat.GatedNodeGatEncoder,codes.model.gat.edge_gat.GatedGatEncoder,rule_2,2020-01-29 15:52,0.023256462533026937,0.4124461188912392,0.032915941718965766,3.512331247329712,0.9863970577716829,0.9909078627824784
supervised/supervised_logic_complete_154,comp_r10_n100_ov,codes.model.models.Param,codes.model.rgcn.rgcn.CompositionRGCNEncoder,rule_25,2020-01-29 14:19,0.3073735907673836,0.41163793206214905,0.11501160673797133,3.030174672603607,0.9702320784330368,0.8977640122175217
supervised/supervised_logic_complete_8,comp_r10_n100_ov,codes.model.gcn.gcn.RepresentationGCNEncoder,codes.model.gat.edge_gat.GatedGatEncoder,rule_1,2020-01-29 16:05,0.08768589794635773,0.4112675115466118,0.04823753908276558,3.5634227991104126,0.9871553301811218,0.972151130437851
supervised/supervised_logic_complete_10,comp_r10_n100_ov,codes.model.models.Param,codes.model.rgcn.rgcn.CompositionRGCNEncoder,rule_1,2020-01-29 14:14,0.34069330990314484,0.4080347493290901,0.17050530761480331,3.22287780046463,0.9482881426811218,0.8797817826271057
supervised/supervised_logic_complete_9,comp_r10_n100_ov,codes.model.gat.sig_edge_gat.GatedNodeGatEncoder,codes.model.rgcn.rgcn.CompositionRGCNEncoder,rule_1,2020-01-29 15:52,0.3166247718036175,0.4062836766242981,0.07881007622927427,5.099008560180664,0.9762408077716828,0.8987405747175217
supervised/supervised_logic_complete_20,comp_r10_n100_ov,codes.model.gcn.gcn.RepresentationGCNEncoder,codes.model.gat.edge_gat.GatedGatEncoder,rule_3,2020-01-29 16:05,0.03369474085047841,0.40382543206214905,0.036456847190856935,3.1997950673103333,0.9877412676811218,0.9939385801553726
supervised/supervised_logic_complete_93,comp_r10_n100_ov,codes.model.gat.sig_edge_gat.GatedNodeGatEncoder,codes.model.rgcn.rgcn.CompositionRGCNEncoder,rule_15,2020-01-29 13:45,0.2513510212302208,0.40183863043785095,0.04533372586593032,4.754760384559631,0.991015625,0.9141971915960312
supervised/supervised_logic_complete_80,comp_r10_n100_ov,codes.model.gcn.gcn.RepresentationGCNEncoder,codes.model.gat.edge_gat.GatedGatEncoder,rule_13,2020-01-29 14:14,0.0935976980254054,0.4015692323446274,0.03875826233997941,3.171631157398224,0.9892578125,0.9680428355932236
supervised/supervised_logic_complete_23,comp_r10_n100_ov,codes.model.gcn.gcn.RepresentationGCNEncoder,codes.model.rgcn.rgcn.CompositionRGCNEncoder,rule_3,2020-01-29 16:05,0.5097470209002495,0.4014682099223137,0.0645026832818985,7.470632791519165,0.978021600842476,0.8579943478107452
supervised/supervised_logic_complete_85,comp_r10_n100_ov,codes.model.models.Param,codes.model.gat.edge_gat.GatedGatEncoder,rule_14,2020-01-29 13:45,0.14599308371543884,0.40099676698446274,0.04562429012730718,3.3877193927764893,0.9811466008424758,0.9307987540960312
supervised/supervised_logic_complete_11,comp_r10_n100_ov,codes.model.gcn.gcn.RepresentationGCNEncoder,codes.model.rgcn.rgcn.CompositionRGCNEncoder,rule_1,2020-01-29 16:21,0.522726908326149,0.4001212269067764,0.05807508286088705,7.778576374053955,0.9802964150905608,0.892073005437851
supervised/supervised_logic_complete_95,comp_r10_n100_ov,codes.model.gcn.gcn.RepresentationGCNEncoder,codes.model.rgcn.rgcn.CompositionRGCNEncoder,rule_15,2020-01-29 13:45,0.3075880631804466,0.3971915394067764,0.05232800263911486,6.402597427368164,0.9840073525905608,0.9115705788135527
supervised/supervised_logic_complete_256,comp_r10_n100_ov,codes.model.models.Param,codes.model.rgcn.rgcn.CompositionRGCNEncoder,rule_42,2020-01-29 15:24,0.18106259405612943,0.39453125,0.08466323483735323,2.72560977935791,0.9779526650905608,0.9427195638418198
supervised/supervised_logic_complete_257,comp_r10_n100_ov,codes.model.gcn.gcn.RepresentationGCNEncoder,codes.model.rgcn.rgcn.CompositionRGCNEncoder,rule_42,2020-01-29 15:25,0.31566913798451424,0.39304956793785095,0.02813356081023812,8.114513993263245,0.9920151650905608,0.8978650271892548
supervised/supervised_logic_complete_178,comp_r10_n100_ov,codes.model.models.Param,codes.model.rgcn.rgcn.CompositionRGCNEncoder,rule_29,2020-01-29 14:38,0.21120434254407883,0.38907597213983536,0.0703174052760005,3.5273701548576355,0.9838350176811218,0.9359846413135527
supervised/supervised_logic_complete_255,comp_r10_n100_ov,codes.model.gat.sig_edge_gat.GatedNodeGatEncoder,codes.model.rgcn.rgcn.CompositionRGCNEncoder,rule_42,2020-01-29 15:23,0.2254037968814373,0.3857085108757019,0.024848745670169592,5.484815239906311,0.994358915090561,0.9331559836864473
supervised/supervised_logic_complete_181,comp_r10_n100_ov,codes.model.models.Param,codes.model.gat.edge_gat.GatedGatEncoder,rule_30,2020-01-29 14:39,0.012172030052170156,0.3819369599223137,0.009531385451555251,3.901175081729889,0.997311580181122,0.99609375
supervised/supervised_logic_complete_151,comp_r10_n100_ov,codes.model.models.Param,codes.model.gat.edge_gat.GatedGatEncoder,rule_25,2020-01-29 14:19,0.01249127951450646,0.3818359375,0.0033186646760441363,3.969385862350464,0.9994140625,0.9959927201271056
supervised/supervised_logic_complete_180,comp_r10_n100_ov,codes.model.gat.sig_edge_gat.GatedNodeGatEncoder,codes.model.gat.edge_gat.GatedGatEncoder,rule_30,2020-01-29 14:39,0.018834879621863365,0.380859375,0.015512716863304375,3.905366003513336,0.9957720577716828,0.9930630326271056
supervised/supervised_logic_complete_21,comp_r10_n100_ov,codes.model.gat.sig_edge_gat.GatedNodeGatEncoder,codes.model.rgcn.rgcn.CompositionRGCNEncoder,rule_3,2020-01-29 15:58,0.3834479823708534,0.37341729551553726,0.08841328546404839,4.350382149219513,0.9736787676811218,0.8713631480932236
supervised/supervised_logic_complete_13,comp_r10_n100_ov,codes.model.models.Param,codes.model.gat.edge_gat.GatedGatEncoder,rule_2,2020-01-29 15:52,0.022139851469546556,0.37257543206214905,0.03260578857734799,4.273221969604492,0.9873276650905608,0.9900323301553726
supervised/supervised_logic_complete_153,comp_r10_n100_ov,codes.model.gat.sig_edge_gat.GatedNodeGatEncoder,codes.model.rgcn.rgcn.CompositionRGCNEncoder,rule_25,2020-01-29 14:19,0.13797183148562908,0.3582974150776863,0.00676538780098781,6.174545168876648,0.99921875,0.9499595910310744
supervised/supervised_logic_complete_14,comp_r10_n100_ov,codes.model.gcn.gcn.RepresentationGCNEncoder,codes.model.gat.edge_gat.GatedGatEncoder,rule_2,2020-01-29 16:21,0.02914879284799099,0.357421875,0.04204486636444926,3.925086319446564,0.982709100842476,0.9889547377824784
supervised/supervised_logic_complete_183,comp_r10_n100_ov,codes.model.gat.sig_edge_gat.GatedNodeGatEncoder,codes.model.rgcn.rgcn.CompositionRGCNEncoder,rule_30,2020-01-29 14:39,0.1073763333261013,0.3572198301553726,0.031745896115899085,6.37110698223114,0.9922104775905608,0.9697939157485962
supervised/supervised_logic_complete_17,comp_r10_n100_ov,codes.model.gcn.gcn.RepresentationGCNEncoder,codes.model.rgcn.rgcn.CompositionRGCNEncoder,rule_2,2020-01-29 16:05,0.1604922041296959,0.3474542051553726,0.06680494416505098,14.402793645858765,0.9771943926811218,0.9535627663135527
supervised/supervised_logic_complete_102,comp_r10_n100_ov,codes.model.gat.sig_edge_gat.GatedNodeGatEncoder,codes.model.gat.edge_gat.GatedGatEncoder,rule_17,2020-01-29 13:45,0.1019032560288906,0.34711745381355286,0.01905932668596506,4.457372963428497,0.9951401650905608,0.9556169211864473
supervised/supervised_logic_complete_81,comp_r10_n100_ov,codes.model.gat.sig_edge_gat.GatedNodeGatEncoder,codes.model.rgcn.rgcn.CompositionRGCNEncoder,rule_13,2020-01-29 15:52,0.38000163435935974,0.34705010801553726,0.06836084350943565,6.542366623878479,0.9818589150905608,0.9118399769067764
supervised/supervised_logic_complete_15,comp_r10_n100_ov,codes.model.gat.sig_edge_gat.GatedNodeGatEncoder,codes.model.rgcn.rgcn.CompositionRGCNEncoder,rule_2,2020-01-29 15:52,0.1363486312329769,0.3468480631709099,0.07170479279011488,8.346799373626709,0.9770220577716828,0.9565934836864473
supervised/supervised_logic_complete_155,comp_r10_n100_ov,codes.model.gcn.gcn.RepresentationGCNEncoder,codes.model.rgcn.rgcn.CompositionRGCNEncoder,rule_25,2020-01-29 14:20,0.20880426466464996,0.34519800543785095,0.004344013764057309,11.753188610076904,0.9994140625,0.9467268288135527
supervised/supervised_logic_complete_82,comp_r10_n100_ov,codes.model.models.Param,codes.model.rgcn.rgcn.CompositionRGCNEncoder,rule_13,2020-01-29 13:45,0.32987160980701447,0.34442348778247833,0.1320461168885231,4.733461499214172,0.9598115801811218,0.8868197798728943
supervised/supervised_logic_complete_179,comp_r10_n100_ov,codes.model.gcn.gcn.RepresentationGCNEncoder,codes.model.rgcn.rgcn.CompositionRGCNEncoder,rule_29,2020-01-29 14:39,0.4805327206850052,0.33630792051553726,0.02319606048986316,7.446544170379639,0.9931640625,0.8728448301553726
supervised/supervised_logic_complete_184,comp_r10_n100_ov,codes.model.models.Param,codes.model.rgcn.rgcn.CompositionRGCNEncoder,rule_30,2020-01-29 14:41,0.16381040215492249,0.3357354551553726,0.08168914206326008,5.0036643743515015,0.9806640625,0.9621834605932236
supervised/supervised_logic_complete_88,comp_r10_n100_ov,codes.model.models.Param,codes.model.rgcn.rgcn.CompositionRGCNEncoder,rule_14,2020-01-29 13:45,0.4051165357232094,0.3319975733757019,0.16906436979770662,3.754325985908508,0.9487477034330368,0.859846442937851
supervised/supervised_logic_complete_98,comp_r10_n100_ov,codes.model.gcn.gcn.RepresentationGCNEncoder,codes.model.gat.edge_gat.GatedGatEncoder,rule_16,2020-01-29 13:45,0.09837792441248894,0.3319975733757019,0.05992959216237068,4.179039716720581,0.983639705181122,0.9630589932203292
supervised/supervised_logic_complete_99,comp_r10_n100_ov,codes.model.gat.sig_edge_gat.GatedNodeGatEncoder,codes.model.rgcn.rgcn.CompositionRGCNEncoder,rule_16,2020-01-29 13:45,0.35641220211982727,0.32839439809322357,0.11757506355643273,4.997826457023621,0.9674517452716828,0.8790072798728943
supervised/supervised_logic_complete_177,comp_r10_n100_ov,codes.model.gat.sig_edge_gat.GatedNodeGatEncoder,codes.model.rgcn.rgcn.CompositionRGCNEncoder,rule_29,2020-01-29 14:38,0.29183272272348404,0.3251616358757019,0.02761205593124032,5.0877262353897095,0.994358915090561,0.8844625502824783
supervised/supervised_logic_complete_16,comp_r10_n100_ov,codes.model.models.Param,codes.model.rgcn.rgcn.CompositionRGCNEncoder,rule_2,2020-01-29 16:21,0.21865320578217504,0.3194032832980156,0.15431294403970242,5.169313073158264,0.949701288342476,0.9314722567796708
supervised/supervised_logic_complete_96,comp_r10_n100_ov,codes.model.gat.sig_edge_gat.GatedNodeGatEncoder,codes.model.gat.edge_gat.GatedGatEncoder,rule_16,2020-01-29 13:45,0.1351383961737156,0.3184267207980156,0.06094657890498638,4.039506256580353,0.9850298702716828,0.9608027935028076
supervised/supervised_logic_complete_89,comp_r10_n100_ov,codes.model.gcn.gcn.RepresentationGCNEncoder,codes.model.rgcn.rgcn.CompositionRGCNEncoder,rule_14,2020-01-29 13:45,0.5142087936401367,0.31782057881355286,0.07003911901265383,8.667079210281372,0.975677850842476,0.8713631480932236
supervised/supervised_logic_complete_185,comp_r10_n100_ov,codes.model.gcn.gcn.RepresentationGCNEncoder,codes.model.rgcn.rgcn.CompositionRGCNEncoder,rule_30,2020-01-29 14:41,0.12315300852060318,0.31596848368644714,0.02670343928039074,10.752930641174316,0.9910615801811218,0.9608027935028076
supervised/supervised_logic_complete_87,comp_r10_n100_ov,codes.model.gat.sig_edge_gat.GatedNodeGatEncoder,codes.model.rgcn.rgcn.CompositionRGCNEncoder,rule_14,2020-01-29 13:45,0.4185483977198601,0.31381330639123917,0.09062705151736736,4.751465916633606,0.9746783077716829,0.8675579130649567
supervised/supervised_logic_complete_104,comp_r10_n100_ov,codes.model.gcn.gcn.RepresentationGCNEncoder,codes.model.gat.edge_gat.GatedGatEncoder,rule_17,2020-01-29 13:45,0.1392417848110199,0.3077518865466118,0.03170743836089969,4.389854788780212,0.9906479775905608,0.9397898763418198
supervised/supervised_logic_complete_101,comp_r10_n100_ov,codes.model.gcn.gcn.RepresentationGCNEncoder,codes.model.rgcn.rgcn.CompositionRGCNEncoder,rule_16,2020-01-29 13:45,0.5053657591342926,0.30630388110876083,0.09286009669303892,7.851729512214661,0.9678883284330368,0.8665813505649567
supervised/supervised_logic_complete_83,comp_r10_n100_ov,codes.model.gcn.gcn.RepresentationGCNEncoder,codes.model.rgcn.rgcn.CompositionRGCNEncoder,rule_13,2020-01-29 13:45,0.7522772550582886,0.29839035868644714,0.05507884547114372,11.79115343093872,0.9811006426811218,0.9104593247175216
supervised/supervised_logic_complete_97,comp_r10_n100_ov,codes.model.models.Param,codes.model.gat.edge_gat.GatedGatEncoder,rule_16,2020-01-29 13:45,0.11115526407957076,0.29172278940677643,0.05491386158391833,4.138822555541992,0.9830537676811218,0.9619814157485962
supervised/supervised_logic_complete_100,comp_r10_n100_ov,codes.model.models.Param,codes.model.rgcn.rgcn.CompositionRGCNEncoder,rule_16,2020-01-29 13:45,0.3994407504796982,0.2910493016242981,0.2189730130136013,3.2499090433120728,0.9369025737047196,0.8743265122175217
supervised/supervised_logic_complete_103,comp_r10_n100_ov,codes.model.models.Param,codes.model.gat.edge_gat.GatedGatEncoder,rule_17,2020-01-29 13:45,0.09502089954912664,0.27404364198446274,0.018658352410420777,4.584166646003723,0.9943359375,0.9555158913135527
supervised/supervised_logic_complete_106,comp_r10_n100_ov,codes.model.models.Param,codes.model.rgcn.rgcn.CompositionRGCNEncoder,rule_17,2020-01-29 13:45,0.47509681433439255,0.18089978396892548,0.17369355410337448,5.078842401504517,0.947357538342476,0.8279902935028076
supervised/supervised_logic_complete_105,comp_r10_n100_ov,codes.model.gat.sig_edge_gat.GatedNodeGatEncoder,codes.model.rgcn.rgcn.CompositionRGCNEncoder,rule_17,2020-01-29 13:45,0.32114438712596893,0.16396147571504116,0.05228834711015225,7.413959622383118,0.9873046875,0.8937567323446274
supervised/supervised_logic_complete_107,comp_r10_n100_ov,codes.model.gcn.gcn.RepresentationGCNEncoder,codes.model.rgcn.rgcn.CompositionRGCNEncoder,rule_17,2020-01-29 13:45,0.4115762785077095,0.16133486106991768,0.04053147975355387,12.207607746124268,0.985546875,0.874528557062149